unit,logvar_accel_x,logvar_accel_y,logvar_accel_z,logvar_motor_current,label
,-1.393140971879358,-0.8695672638486545,-1.3094250902922633,-2.771026752163372,PATROL
,-1.3624081236236354,-0.9155791352040488,-1.2142450198155417,-3.063204131646894,PATROL
,-1.2087528461843617,-0.9520069790147893,-1.2841022167127902,-3.2553867463787407,PATROL
,-1.0116167683969135,-1.117974214592764,-1.325384860204575,-3.12978304248578,PATROL
,-1.1239720768481254,-0.9209964711354752,-1.4279301747115292,-3.294495401600916,PATROL
,-1.2582179793786035,-0.7676378452762979,-1.5305491133571196,-3.3434424187540266,PATROL
,-1.3240473822330059,-0.7445696023860566,-1.5034702647308757,-3.3064001935011955,PATROL
,-1.3886468010764255,-0.8752069701389737,-1.2336582864767023,-3.1562196922715016,PATROL
,-1.4090662134806329,-0.7151117883382675,-1.4774206965517334,-3.263203674944895,PATROL
,-1.1386491066256677,-0.8786872598310385,-1.4584907676337844,-3.4472255437956774,PATROL
,-1.2140247145024698,-0.8985444916308462,-1.3852478264117414,-3.088355568889467,PATROL
,-1.0404710601292673,-1.058304329471631,-1.5106364305480855,-2.5395922413458663,PATROL
,-1.096670750327749,-1.0889216984706087,-1.3485335573278079,-2.661850159245133,PATROL
,-1.1573217327364826,-0.9324524976300973,-1.4896062859619776,-2.708683881687625,PATROL
,-1.2682871290595847,-0.8838484506207929,-1.3606247931600906,-3.016001048968838,PATROL
,-1.4127401545985399,-0.883717307457353,-1.2086501250008017,-3.108211112739189,PATROL
,-1.3513662902506245,-0.942450558713871,-1.160299469911365,-3.2688639500064536,PATROL
,-1.1288797833421682,-1.0908714588171164,-1.1895067640976158,-3.315670434517375,PATROL
,-1.029258778982378,-1.1609456746115612,-1.2693847054260643,-3.0254909830440004,PATROL
,-1.1018151965804515,-1.1065405703228823,-1.2429272702163894,-3.0263312334656045,PATROL
,-1.0233996894944666,-1.2091091911117076,-1.2043383452395677,-3.163547632166314,PATROL
,-0.9656719357398652,-1.1407888413484808,-1.3602686620087563,-3.143906477564945,PATROL
,-1.1719505535067867,-0.904292529340637,-1.4387252006969713,-3.032817892104461,PATROL
,-1.4873693401455503,-0.7173102532616855,-1.4446910481268627,-2.992706764035819,PATROL
,-1.4119484588140216,-0.9541433292978612,-1.1626343369987204,-2.838240194326677,PATROL
,-1.4529943369572096,-0.828594500746479,-1.3432391916139703,-2.681365614903257,PATROL
,-1.0445406107809185,-1.029677316499251,-1.4216276159087133,-3.001680301129119,PATROL
,-0.9622906866431953,-1.175327929011604,-1.3270392271392455,-3.1234748882184813,PATROL
,-1.0386091124808658,-1.171566409647475,-1.2880676999189542,-2.80727959815348,PATROL
,-0.9661708263167622,-1.1497605395750474,-1.3875222391038773,-2.9363925227115475,PATROL
,-1.265505371607604,-1.0054428164645435,-1.2210248163689095,-2.8630744929449126,PATROL
,-1.2229883601374343,-0.83153259284038,-1.4738025766982963,-3.1889185111173632,PATROL
,-1.31381002026424,-0.808132779401712,-1.4284468575247884,-3.0826936440114543,PATROL
,-1.2028780046644325,-0.9262438741553767,-1.3162739276941982,-3.338212284113307,PATROL
,-1.1975516621335827,-0.9781748918933685,-1.3075973114414525,-2.9642021655604567,PATROL
,-1.2083551671558976,-1.0103450749824416,-1.3559672066695623,-2.5317393328242495,PATROL
,-1.1120452298751726,-1.0568949457519698,-1.3398201638826663,-2.7856599309381473,PATROL
,-0.8629447877129978,-1.172666795160847,-1.5711091991188006,-2.8013619031874675,PATROL
,-0.9360252778270035,-1.109416706690543,-1.4297264644596068,-3.2521534230243483,PATROL
,-1.072765960244966,-0.9491358923104499,-1.4192756405454379,-3.5413426776641823,PATROL
,-1.2770404446268373,-0.7792378747906428,-1.4546686124983617,-3.543727404726533,PATROL
,-1.0847627233086683,-1.0677512433472736,-1.2814515376870006,-3.2039062122754727,PATROL
,-1.169963466082783,-1.063888989890297,-1.2545505021878718,-2.8250340421082085,PATROL
,-1.2725179687207697,-1.1586151659324748,-1.1001438257236322,-2.6155057387251732,PATROL
,-1.2867761723488553,-1.0451469979766164,-1.1810563539940937,-2.7295917742387283,PATROL
,-1.5711350138739555,-0.780731098705582,-1.2247566902425724,-3.2116360709528937,PATROL
,-1.3733191718845288,-0.806750313738915,-1.3145578442069112,-3.4471593413564894,PATROL
,-1.178655569836177,-1.0022303104221826,-1.3074682946371556,-2.9050880177623757,PATROL
,-1.2286797139668597,-0.9636370391176103,-1.3277931375862109,-2.8008751506767697,PATROL
,-1.1377823842175805,-0.9372102979017042,-1.3641468317078416,-3.437242934525115,PATROL
,-1.2446372841683857,-0.92621646750005,-1.261302790868782,-3.4228124472663812,PATROL
,-1.2716146469721283,-0.9472802134035011,-1.2515961634225554,-3.0839233665854007,PATROL
,-1.3447626060693625,-0.8327022183324971,-1.3652445981598489,-3.011706388292856,PATROL
,-1.154010026611704,-0.9205478370174134,-1.3880587029104439,-3.303064029413231,PATROL
,-1.1367332658475073,-0.8858941967427134,-1.4899840522757952,-3.184161263439364,PATROL
,-1.2463294742051543,-0.7393422918193419,-1.6829319290151283,-3.012156698715218,PATROL
,-0.9737096875937007,-1.0754154249005075,-1.484526885969203,-2.908543937659272,PATROL
,-1.154765935534638,-0.9503271753872226,-1.3788617761539068,-3.0706901169392515,PATROL
,-1.1782731706272112,-0.9588120025803251,-1.2782328845081308,-3.4961755094504583,PATROL
,-1.1876286579524822,-1.1016889386201663,-1.127107222231258,-3.249901298016939,PATROL
,-0.9831924840613359,-1.3848306619011996,-1.118841347148877,-3.0187775102639764,PATROL
,-1.1166473609661636,-1.0413315968346937,-1.3011670904651458,-3.0485799150288,PATROL
,-1.268875839896995,-0.777087640201458,-1.4895758636069172,-3.3920027042284135,PATROL
,-1.0756263089356344,-0.85642319703586,-1.6066083396118263,-3.3911225091173907,PATROL
,-1.0647299277984397,-0.8593700777467937,-1.626805919989293,-3.346882041927215,PATROL
,-1.2353850367300172,-0.8233295042799516,-1.4603180129461366,-3.2663057531801836,PATROL
,-1.2196746123860902,-1.0539867415190063,-1.2414246263293018,-2.700735651623413,PATROL
,-1.0362155785915534,-1.1361532915851915,-1.4108160410742774,-2.5231147228745017,PATROL
,-0.9635848403394339,-1.051493969754842,-1.6376204315398413,-2.5953501580636265,PATROL
,-1.0212644225813667,-0.9579918387741704,-1.5522833093563582,-3.113744755779668,PATROL
,-1.1583025762767465,-0.933184670669018,-1.3887642074122648,-3.139631221343003,PATROL
,-1.2571785357066272,-0.749292825215424,-1.6213089664410756,-3.0965701141925863,PATROL
,-1.044925905658162,-0.8999293998252105,-1.6078999018441669,-3.185056261879091,PATROL
,-1.1898965162644037,-0.8814008862076834,-1.434381898053771,-3.1400089982751926,PATROL
,-1.1432389020522153,-0.961944767644367,-1.356509317402991,-3.181870802729204,PATROL
,-1.1779456635898635,-0.9089598682581373,-1.413127778559925,-3.084227181744392,PATROL
,-1.0113613887908888,-1.0016389099863874,-1.487982468089435,-3.1425700455171133,PATROL
,-0.9781969802566807,-1.1324322095141992,-1.3732876840341854,-3.026394328635985,PATROL
,-1.015776042274914,-1.1359255297858566,-1.3440783649941104,-2.8828682247598016,PATROL
,-1.3156032061553369,-0.8073183845878704,-1.454916764697613,-2.9523820978309008,PATROL
,-1.3705315152279747,-0.8370762950757644,-1.3514617451497701,-2.9152236908055222,PATROL
,-1.079225975675417,-0.9943242630760679,-1.4228750270765063,-3.0129176586478716,PATROL
,-1.1119803836073516,-0.9413163784235618,-1.4756427570226336,-2.9498537442090913,PATROL
,-1.3474194749387434,-1.0198435538694162,-1.1265849702961883,-2.8949781971799027,PATROL
,-1.362455536103773,-0.949149204949722,-1.147711170247473,-3.2305395368461514,PATROL
,-1.1585339466983258,-0.9660069351537467,-1.3213611493264008,-3.252376020391012,PATROL
,-1.2526937116051375,-0.9624198527919313,-1.2553368712197945,-3.0508511147331103,PATROL
,-1.088158109034235,-0.8744467825814893,-1.6719395184325572,-2.8440649283975565,PATROL
,-1.1367355571948967,-0.9682981514734931,-1.3411722923362852,-3.273658799083024,PATROL
,-1.2974344818040842,-0.8940816314842357,-1.271364850548849,-3.287783593470361,PATROL
,-1.0358439855213646,-1.064369215988758,-1.3989269793563366,-2.9324529809711555,PATROL
,-1.1064993725064014,-1.1349071685223895,-1.247925920780214,-2.801255785737219,PATROL
,-1.0826758418604354,-1.0826269407464137,-1.3444347912849615,-2.78190630445691,PATROL
,-1.243358743690393,-0.750684136940454,-1.63448512922867,-3.112494279185041,PATROL
,-1.2562327844929675,-0.7967892421377816,-1.5210524907628094,-3.078688161059524,PATROL
,-1.2298575985775977,-0.8069081207426211,-1.5598356146231032,-2.9708535917901413,PATROL
,-1.1668116526701515,-0.8251748552310266,-1.544256614879778,-3.2964847964223893,PATROL
,-1.1990324649910689,-0.8219210026532577,-1.5008722935850374,-3.3244523402329094,PATROL
,-1.115090833490656,-0.9270533812266276,-1.464059103570558,-3.098851593947253,PATROL
,-1.185613727224089,-1.0784417783557656,-1.152628895399217,-3.2568153417799817,PATROL
,-1.1140194189600028,-1.0626757081747245,-1.2757040497131986,-3.0576358280888183,PATROL
,-1.1311943533248414,-1.0720283118879064,-1.275228289977457,-2.8882842269473143,PATROL
,-1.0928743106154875,-0.9384309101074185,-1.48123501226148,-3.0758467004567636,PATROL
,-1.3331146184650848,-0.7686634770578169,-1.54450385987958,-2.825227539857324,PATROL
,-1.3077751563815239,-0.8231472110668205,-1.4271228965577416,-2.9851319433227053,PATROL
,-1.2301685756478573,-0.9874047703614407,-1.3393041427121546,-2.614744545919088,PATROL
,-1.1522372744329574,-1.0602700096308626,-1.2385353136835002,-3.038636017733826,PATROL
,-0.9846907134712322,-0.9838960848864706,-1.553656153314288,-3.191256374511759,PATROL
,-0.9538384400409665,-1.143876702896517,-1.3363263493038706,-3.4007074747963713,PATROL
,-0.9910564020792972,-1.1125750473990446,-1.3427061178674191,-3.2450613927017375,PATROL
,-1.1374267291159976,-0.9856386123811484,-1.3505782929838306,-3.0562101414973553,PATROL
,-1.164920518811094,-0.8687844286245171,-1.4928683885480185,-3.1266546125301704,PATROL
,-1.1137505415363824,-0.8825768072481832,-1.5182351145884405,-3.2477628832412724,PATROL
,-1.206562730714017,-1.0887555398909985,-1.1369992054705482,-3.138203252434255,PATROL
,-1.2903845999499235,-0.8777326911900899,-1.3436710086983512,-3.031889061775108,PATROL
,-1.092624795786938,-1.0163195333191084,-1.4199270775744979,-2.796739429464581,PATROL
,-1.059264976475532,-1.1694329099317582,-1.28322242398576,-2.7241238333079476,PATROL
,-0.9141085786982902,-1.0931518137119063,-1.5453383755487313,-2.9812770241405646,PATROL
,-1.1722925094518344,-0.9177695279534115,-1.3682901689388964,-3.3133779232835945,PATROL
,-0.9352763612953353,-1.0781669810005097,-1.4375020719967724,-3.513793796681868,PATROL
,-1.1011226446696711,-0.9641749480795906,-1.3635816019020748,-3.491289136169292,PATROL
,-1.303678220567446,-0.930454133331214,-1.221038276916001,-3.2398331206249575,PATROL
,-1.0974280877404627,-1.07613557860445,-1.30322008024991,-2.924236805291061,PATROL
,-1.0359048350984295,-1.2197466683238183,-1.2776555334820452,-2.6436677574804435,PATROL
,-1.0640342547825739,-1.265294416734672,-1.1708216860739589,-2.769859156118913,PATROL
,-1.2025943480300152,-0.967564282612851,-1.2996141735818463,-3.058848616977586,PATROL
,-1.3630310681940723,-0.8471482515684977,-1.2933985797041883,-3.1906866793865793,PATROL
,-1.1762043453069406,-0.8814618748267529,-1.4120009261317186,-3.3896502594237443,PATROL
,-1.2082812142414103,-0.9735470356316342,-1.2789308721659254,-3.0963434889038464,PATROL
,-1.1321911303920347,-0.9715570319026948,-1.3697081571588894,-3.101106255760259,PATROL
,-1.0374551090872939,-1.0814443028407157,-1.316270361588889,-3.259547109849215,PATROL
,-1.1064429873538892,-0.9482100945745131,-1.4055996095653625,-3.3073558189240884,PATROL
,-1.089276698290571,-0.9264731300888909,-1.4891287629512815,-3.169527923643385,PATROL
,-1.0248945285063211,-0.9357660943249736,-1.569336409810462,-3.2015964278445996,PATROL
,-1.2472289531985543,-0.8036908489161326,-1.5321086156133277,-3.017016983293508,PATROL
,-1.2479380000631177,-0.8219533237005625,-1.6012275149414565,-2.6355045446624907,PATROL
,-1.112663351289012,-0.9194501335263888,-1.507442879380467,-2.9738969195068545,PATROL
,-1.0463492562804595,-0.9865383959879633,-1.450589769772564,-3.1824179292788126,PATROL
,-1.1654606626850255,-1.0454898376397577,-1.2016611702434905,-3.3240387506051734,PATROL
,-1.1166742254439992,-1.1532786174426355,-1.1322556466589586,-3.3602234369777206,PATROL
,-1.1529214922666933,-1.0672506833541593,-1.2751558947780466,-2.7977560798201675,PATROL
,-1.3023264791465998,-0.7975896217474217,-1.420153894791862,-3.323920693584537,PATROL
,-1.3263662868594281,-0.7920935412158169,-1.428269640615303,-3.171492877058536,PATROL
,-1.3500044918736613,-0.7204279780723764,-1.54686853748167,-3.1868138369528074,PATROL
,-1.288967132146458,-0.7276082269331144,-1.5782192481234396,-3.351277866120062,PATROL
,-1.0425688670420177,-0.9916178756231068,-1.4524379632573379,-3.158792342406446,PATROL
,-1.0220000802565024,-1.2079295354665383,-1.2640855906060504,-2.8333968570967896,PATROL
,-1.1032506091465408,-1.0741490090581893,-1.341927890214001,-2.7290767992614846,PATROL
,-0.9492853816952618,-1.0426513078373179,-1.5356529820968914,-3.0977948736731205,PATROL
,-1.2335226290971788,-0.9669418142791368,-1.2845150787195871,-2.9621744796241023,PATROL
,-1.1883918740953343,-0.9301044143102865,-1.3582165305425118,-3.131376324965448,PATROL
,-1.197782376676567,-0.8136732293913843,-1.5173230944147527,-3.3350734255261125,PATROL
,-1.1832293697937057,-0.7666296728312052,-1.655443412450897,-3.2667951037839353,PATROL
,-1.2133833459795258,-0.9449437585688479,-1.285395083472777,-3.281624381998716,PATROL
,-1.1738509130087778,-0.9524209551846973,-1.3395649925383102,-3.14514952160152,PATROL
,-1.4314127007568966,-0.8137913191084752,-1.3001352639639656,-3.093139640625589,PATROL
,-1.0983550996998301,-0.9340687913428842,-1.4526965779956087,-3.2266381808689704,PATROL
,-1.0179833977641228,-0.8802609160037534,-1.727384006798356,-3.0736147840048598,PATROL
,-1.196895816488836,-0.8754816673339333,-1.5004768856023027,-2.8441394422886788,PATROL
,-1.0954588381675923,-1.0906789621833797,-1.3578813536956034,-2.625266731053607,PATROL
,-1.1780333955769635,-0.904918603995537,-1.487093580706296,-2.788508032755812,PATROL
,-1.2415026968281795,-0.7601624688814542,-1.5845788611807623,-3.2590277956510865,PATROL
,-1.2197874245275493,-0.7083182190122606,-1.7138041885980837,-3.440262027181598,PATROL
,-1.1650984009379972,-0.9306972575097403,-1.378126935938877,-3.175358781640437,PATROL
,-1.2467812054044543,-0.9098127971077531,-1.3459419180040226,-3.0022028402104053,PATROL
,-1.2848651929733574,-0.8350118792111465,-1.4070120221011666,-3.1107184520857145,PATROL
,-1.3392079471411014,-0.8455595565592445,-1.3096775458469831,-3.2513289046369063,PATROL
,-1.3592759563301355,-0.8033022517684189,-1.379087949891884,-3.1350495567992382,PATROL
,-1.4101901524096705,-0.6944517161469107,-1.5552601216281077,-3.0917911939355225,PATROL
,-1.100396845111037,-0.9868635122567491,-1.4155042886748348,-2.962029017421798,PATROL
,-1.2080924229264132,-0.970440430355381,-1.3729356616270343,-2.674299032149656,PATROL
,-1.1047810295752831,-1.137323538515146,-1.3291395479518404,-2.484880607482218,PATROL
,-1.2491708265653565,-1.0775804047800703,-1.1793738743859636,-2.7277202295620793,PATROL
,-1.08345690742688,-1.1520011143873183,-1.2360461056487433,-2.8996597705359872,PATROL
,-1.302592365116243,-0.8935412637158971,-1.2532134250788116,-3.399675636942953,PATROL
,-1.4834234595151454,-0.7708160336087873,-1.2683263567010483,-3.5334882151177545,PATROL
,-1.414809856239444,-0.7296290198055047,-1.399925751553881,-3.564006399441824,PATROL
,-1.038403574866549,-0.9814801920703233,-1.4283651901219154,-3.457001062729739,PATROL
,-0.9596837599470608,-1.0645853712616964,-1.4258379151837914,-3.448032154057521,PATROL
,-1.064680239746426,-1.0526024286578433,-1.3358264056841702,-3.1420800196008156,PATROL
,-1.1327395672719442,-1.0875438093182566,-1.223316280791463,-3.067132450907905,PATROL
,-1.001109566325729,-1.2070300327782995,-1.1820651473507275,-3.6193731850838846,PATROL
,-1.3379610960582817,-0.8423703359728276,-1.3197553257067614,-3.225628542128801,PATROL
,-1.1603052532828542,-0.9089054276323646,-1.5197838569950288,-2.7351345693694835,PATROL
,-1.1449519324190942,-0.7870813390800762,-1.7431579825048737,-2.9637985899950428,PATROL
,-1.0998736523255819,-0.9551798359298262,-1.4497219082576787,-3.0426482318769423,PATROL
,-1.2184204832936152,-0.898426493396194,-1.3418199498446233,-3.3319413852224544,PATROL
,-1.3970744031961606,-0.9057239291943823,-1.2034628651919543,-3.030771349468145,PATROL
,-1.1226988475243322,-1.087515958180816,-1.2275849210325631,-3.111198133468194,PATROL
,-1.1623637681454655,-0.9507236259338813,-1.3481398840779082,-3.192483256460175,PATROL
,-1.21292918941571,-0.9713813472049804,-1.2950720264674211,-2.991002926878679,PATROL
,-1.2144123327604175,-0.8245834507033043,-1.560894537844513,-2.90498137782973,PATROL
,-1.3317329652613679,-0.6750572365968331,-1.6620030166453759,-3.294276245916136,PATROL
,-1.1634224582336936,-0.84219539824051,-1.4943337791451778,-3.42888604473829,PATROL
,-1.0539333818432017,-1.076571051355812,-1.2920222519913902,-3.325366769989359,PATROL
,-1.131345310819945,-1.108026843041922,-1.3013868914691136,-2.5897729686309554,PATROL
,-1.087880432622506,-1.0596497908509377,-1.3966697430364023,-2.672585727149201,PATROL
,-1.000256125813843,-0.9094411580127311,-1.70707548869135,-3.0350964777329894,PATROL
,-0.9754499922896496,-0.984713214001387,-1.555729940783681,-3.25980930169384,PATROL
,-0.92620165688063,-1.0904194911413378,-1.4280690808973227,-3.5720621759300286,PATROL
,-1.0745060307598662,-0.986756441391168,-1.3761874930442046,-3.4048980652311958,PATROL
,-1.1965730826627548,-0.9442807080355445,-1.2912172460755498,-3.38502812371453,PATROL
,-1.0944498240087892,-1.1008709752603503,-1.2463219575422226,-3.0981086828954636,PATROL
,-1.0102036404081538,-1.2046897105094907,-1.2741772724445901,-2.875122676745066,PATROL
,-1.0719568607093017,-1.0654130665732704,-1.4129117964263396,-2.6643711344691634,PATROL
,-1.3532204566408275,-0.6924826440073113,-1.58026292858365,-3.342741476187656,PATROL
,-1.1905382963629074,-0.7966276146493073,-1.5469583075696947,-3.435755571625201,PATROL
,-1.1193552637265507,-0.9147434286814751,-1.5083295434886945,-2.9640191737974106,PATROL
,-1.2289628996319297,-0.9953957926788131,-1.2218118429707459,-3.143507529540015,PATROL
,-1.0437221367481506,-1.0944711450722437,-1.2687422788972993,-3.443368698831588,PATROL
,-0.9529629067064643,-1.1301430749044294,-1.3638827753469622,-3.3312060327045607,PATROL
,-0.9440517983196085,-1.1785986613680959,-1.3242068512348895,-3.2906886956702666,PATROL
,-1.145260465026734,-1.0074965506055327,-1.3038862858493947,-3.0955013393464275,PATROL
,-1.1056905448496182,-0.904921148342381,-1.5438859773783824,-2.978003722628051,PATROL
,-1.2465649699429817,-0.8790562501306041,-1.4524349793068398,-2.759317157814741,PATROL
,-1.300873287335206,-0.8425741218584337,-1.3936776258904178,-3.017069430125228,PATROL
,-1.1954340107598291,-0.9758909048024721,-1.2885239091678797,-3.1034616917487616,PATROL
,-1.0025414022913743,-1.1164607216812308,-1.347463758367588,-3.0852396768778534,PATROL
,-1.267423578120745,-0.9344600741547551,-1.2739127882503638,-3.081048785230803,PATROL
,-1.0533826042206391,-1.033316359471915,-1.35704796186162,-3.2701842497208413,PATROL
,-0.9050628915895593,-1.0951613074203277,-1.5015397110439306,-3.264630792914674,PATROL
,-1.2096728138742914,-1.0924253653241487,-1.1249939045583355,-3.178486122996289,PATROL
,-1.2459651705172439,-0.8560552401896432,-1.407974239298941,-3.1497262861102957,PATROL
,-1.0291870234298102,-0.8672365132895277,-1.6885220138249113,-3.2754640947569484,PATROL
,-1.017536697740952,-0.8243769016546383,-1.7822124028680324,-3.4501112346961693,PATROL
,-1.2055889586955648,-0.741683786184287,-1.7338865024221901,-3.045416543498199,PATROL
,-1.1947138915796363,-0.9841733933204525,-1.3668603914508064,-2.680113455480292,PATROL
,-1.190908520441902,-0.9965813331405372,-1.330731434177533,-2.7704810777121494,PATROL
,-1.0492153442192385,-1.0592781515264758,-1.3586961259612471,-3.077247696711967,PATROL
,-1.103283898304061,-1.0362018015903476,-1.2782032212843777,-3.3557501860936565,PATROL
,-1.2136226766264315,-0.9298411724136444,-1.2988713769488707,-3.340334534910095,PATROL
,-1.1510043982396343,-0.9566826220430011,-1.3607642720550737,-3.1453649057956765,PATROL
,-1.0459250337449884,-1.036569230234814,-1.4029187921027195,-3.034769968468803,PATROL
,-1.195340567825321,-0.9146996557884617,-1.3728987671255393,-3.1375089193642864,PATROL
,-1.420521634907529,-0.8622747160615699,-1.2681250763186875,-2.9031024018543943,PATROL
,-1.4483249267753244,-1.009828621150253,-1.047096426265486,-2.9997451110785,PATROL
,-1.3160328681503497,-0.8988270206474397,-1.242272954749723,-3.3234370170349874,PATROL
,-0.9756625687354158,-0.9424173609199099,-1.609196142596095,-3.4014644457016137,PATROL
,-1.0688813688233147,-0.9963730987889269,-1.416699117011923,-3.103802303583116,PATROL
,-1.2666731478168418,-1.2179367489798285,-0.9667025560176215,-3.1687175248763273,FAULT
,-1.2883973708466574,-1.0253667378093827,-1.0874273412958932,-3.5564408411510278,FAULT
,-1.0475344936139626,-1.1889220658796307,-1.180026700839818,-3.286659413256002,FAULT
,-1.0962527278763243,-1.286111460400594,-1.112838220666233,-2.7983411136044873,FAULT
,-1.2407277905972953,-1.194202052069218,-1.082227125915226,-2.6730594010151356,FAULT
,-1.2532619961647595,-1.1202747431595157,-1.0057348078609887,-3.7959154555859156,FAULT
,-1.5806437275211507,-1.1439388549744898,-0.8313029116970785,-3.2160261474103784,FAULT
,-1.5000809404386135,-1.0842372051503375,-1.0282693363009499,-2.5120364258656345,FAULT
,-0.9834466526512405,-1.231864638401128,-1.2074745583137712,-3.3444145318896643,FAULT
,-1.2337884944002004,-1.061705641537622,-1.1049195671226437,-3.4511305057027784,FAULT
,-1.150559304285834,-0.9798175095442724,-1.3134373986154595,-3.2373832331073604,FAULT
,-1.2342913129095736,-1.0984569388395613,-1.1585541033644597,-2.786539085378594,FAULT
,-1.3743246305700778,-1.0715513856177492,-1.1234724532157312,-2.5337100772097174,FAULT
,-1.1110952147885738,-1.2391902882171084,-1.0371645093482353,-3.6221622985219595,FAULT
,-1.090651756325326,-1.1758662414083743,-1.1598503756973653,-3.1720425061112634,FAULT
,-1.2571550060366152,-1.2067874891942663,-1.1300193405227617,-2.3713561337502096,FAULT
,-1.408151813463184,-1.0509480134889633,-1.0408063541331933,-2.9444855198526145,FAULT
,-1.1568896447156511,-1.1329152714113597,-1.1100487419690195,-3.384297448914613,FAULT
,-0.9997012825330085,-1.3568598216333454,-1.0894203971922929,-3.266721808632518,FAULT
,-1.1294428033662718,-1.1846758850096173,-1.1619669301498035,-2.846084979980067,FAULT
,-1.31752012151195,-1.2871935930742526,-1.0009683378781116,-2.4232437990883513,FAULT
,-1.2684263467534862,-1.114973719854936,-1.011425974442512,-3.6081396610570593,FAULT
,-1.3474372515320168,-1.1367977916922136,-0.9871950621670967,-3.0655256292484743,FAULT
,-1.04806215076492,-1.2893920223104294,-1.1907994454485193,-2.659729841653953,FAULT
,-1.0108060006090422,-1.2357514376858885,-1.191941252523486,-3.1742157014381935,FAULT
,-1.1246728377614985,-1.198890050769752,-1.080266648264464,-3.37530719522318,FAULT
,-1.3266848693580315,-1.1748603178463102,-0.9857506374905192,-2.94459489912662,FAULT
,-1.3970818929514401,-1.0808090613938415,-1.0384083604012333,-2.824407573332145,FAULT
,-1.1480940884634756,-1.211935881998556,-1.1507766615807251,-2.6773125042416273,FAULT
,-1.0152003492510853,-1.3170907800921303,-1.0711959534757387,-3.6060821181134766,FAULT
,-1.2971064843953668,-1.432309707140874,-0.8428871623618656,-2.856740004465797,FAULT
,-1.267866674543933,-1.3533134519986025,-0.9669284347038958,-2.526519894794153,FAULT
,-1.0932470053135503,-1.0806419073534788,-1.2446110230789937,-3.2849383448614113,FAULT
,-1.0252512734471688,-1.2047071334215655,-1.1889211811623142,-3.297803877466466,FAULT
,-1.0609405338141906,-1.035604226011165,-1.3337670945626563,-3.3417426732940823,FAULT
,-1.4258712915081824,-1.0539022351497431,-1.0326706961948329,-2.899125617842532,FAULT
,-1.5783181279498328,-1.0434738908782122,-0.9865014109121565,-2.6798961410358033,FAULT
,-1.3186078171199753,-1.1212530467250905,-0.9500797648698659,-3.9164751680638767,FAULT
,-1.1032691290980237,-1.3567783395146154,-1.0024334615102952,-3.1294683782085344,FAULT
,-1.5043420489023276,-1.0307069085350307,-1.0705423022484608,-2.547726973710643,FAULT
,-1.3009765955986587,-1.2102690795373254,-0.9697335177887291,-2.9871074046860815,FAULT
,-1.2858373987086937,-1.0560737574290606,-1.0758444538356542,-3.3595018757561923,FAULT
,-1.2480154896089308,-0.9820011592858906,-1.2380488225176793,-3.0279277260095907,FAULT
,-1.180627207242949,-1.0874883659638763,-1.2165057552882272,-2.8202953155517414,FAULT
,-1.1113485657410198,-1.2467578999635394,-1.1572098698982294,-2.672375376923518,FAULT
,-1.3750894385755308,-1.2040760495476253,-0.8852566920336588,-3.363735647270963,FAULT
,-1.2751231785701893,-1.2162081607176154,-1.0016320245488533,-2.86519273318969,FAULT
,-1.1948846414048182,-1.185185316835858,-1.1616895826399216,-2.5431974366152748,FAULT
,-1.0940865688056944,-1.3002395175417414,-1.0610995863294865,-3.0658739145594103,FAULT
,-0.9912562469546532,-1.2903761577475155,-1.1406657042825725,-3.3779781596446363,FAULT
,-1.4222753472089456,-0.9983597540252342,-1.0987952022641427,-2.863308066715217,FAULT
,-1.3736872422589081,-1.161870746662761,-1.0286539356430853,-2.5712471351576687,FAULT
,-1.39362013098086,-1.0580912703256438,-1.1121066364493848,-2.5791084928893846,FAULT
,-1.1185192886111457,-1.3010212124458749,-0.9982764044431838,-3.42746838916384,FAULT
,-1.37307746280553,-1.0377938506678688,-1.050759912691973,-3.1519978883715236,FAULT
,-1.384822913396883,-1.107125446154787,-1.074173621731671,-2.556905951887149,FAULT
,-1.4784345340612934,-0.9504800716590925,-1.058702106155481,-3.2559417635314065,FAULT
,-1.334623970579464,-0.9532955093533647,-1.1493952840374595,-3.368364269217965,FAULT
,-0.9136986509909272,-1.325975996118961,-1.2591382109697835,-3.0053871738158087,FAULT
,-1.1799552599331107,-1.200449778761002,-1.1207236262377245,-2.7241038785538625,FAULT
,-1.3650777663605607,-1.3551600855329609,-0.890961739185725,-2.5708282609708677,FAULT
,-1.4347945599153509,-1.1352934536231376,-0.8938230986605358,-3.460338422665711,FAULT
,-1.2185192235475628,-1.2546411265547999,-0.974051495339998,-3.1795619757909352,FAULT
,-1.2256495161203755,-1.2185908641680827,-1.127151510265564,-2.4437819803335077,FAULT
,-1.0198034294755476,-1.160101862108514,-1.2483086564568637,-3.2470146477134256,FAULT
,-1.3252598895372236,-1.1067878778197073,-1.0043552122524007,-3.2869905290967196,FAULT
,-1.260687293843957,-1.210980694015936,-1.0001657516894824,-2.9795163037312893,FAULT
,-1.2302687454990382,-1.1095201567348911,-1.165232328593543,-2.71479348829243,FAULT
,-1.087844946026644,-1.308803904173789,-1.1005135295496324,-2.809833925279816,FAULT
,-1.1279888091878625,-1.254008918077236,-1.0027734188071344,-3.725654831772683,FAULT
,-1.2401635480089495,-1.2183570546032865,-1.003264396716939,-3.0310072012463976,FAULT
,-1.2295186066872579,-1.2387374182848208,-1.1751819039466551,-2.215911634913417,FAULT
,-1.245735522327515,-0.9789654874513093,-1.2279366555167086,-3.130980874836343,FAULT
,-0.9680586655325663,-1.3276715352377038,-1.128065230497944,-3.460066913615144,FAULT
,-1.2166901430117443,-1.0084117460071478,-1.235617513735863,-3.029539145715938,FAULT
,-1.351274912008214,-1.129092866887367,-1.0838714700417125,-2.5322463344895314,FAULT
,-1.5071910039141725,-1.0638210841746416,-1.0406882603911183,-2.5241970917063274,FAULT
,-1.1924433529236131,-1.0658709159007167,-1.120782803665631,-3.6470118450921842,FAULT
,-1.085511518595018,-1.33437177722766,-1.0187402040401574,-3.2728579648412865,FAULT
,-1.1206480130916006,-1.2187125633868319,-1.2128811697600437,-2.5135319560383538,FAULT
,-1.3568740523779041,-1.0642429634185455,-1.0549761752878823,-3.0088983380548027,FAULT
,-1.4337494236541275,-0.9220601931322217,-1.1243753065595319,-3.2433614346915345,FAULT
,-1.0492798816294768,-1.1613159007834646,-1.2280605382839596,-3.1263830184150447,FAULT
,-1.0574920276924544,-1.342441133260812,-1.1036930998073144,-2.8163663328102886,FAULT
,-1.1777403738158874,-1.2773531369031386,-1.0757772676393909,-2.628047115886799,FAULT
,-1.2885722446269174,-1.1446536649769006,-0.973577623795394,-3.5658648584857806,FAULT
,-1.3729623743599142,-1.1475049229461276,-0.9771471399343762,-2.9406086853169264,FAULT
,-1.2094686046859913,-1.2109295528851003,-1.149091621221491,-2.44415472219871,FAULT
,-0.9328774526557733,-1.4103926125150907,-1.1110794550452054,-3.401324082707208,FAULT
,-1.176992259791552,-1.207673526976908,-1.0220822366103604,-3.4094631545921845,FAULT
,-1.2064863936934667,-1.106865531618908,-1.0974264411772934,-3.312343295633827,FAULT
,-1.2263285329948739,-1.1981188560566571,-1.0574992970034962,-2.8551411981557524,FAULT
,-1.147750719035741,-1.257503539746939,-1.131114588878926,-2.5821168150876317,FAULT
,-1.0783827097954117,-1.3970231518092464,-0.9538373153226959,-3.6022304503249996,FAULT
,-1.2697331577671747,-1.1536250024856514,-1.005713221542254,-3.2749506555273236,FAULT
,-1.4225702336255288,-1.2446203508011888,-0.95452347063715,-2.4550297746373437,FAULT
,-1.507700977573726,-1.057892232536674,-0.9520809832277786,-3.0909736417908715,FAULT
,-1.2083303217573493,-1.0508142419127924,-1.155233604607367,-3.3058635621858032,FAULT
,-1.0794439552385142,-1.1390808382483817,-1.224898262386204,-3.0722919631623844,FAULT
,-1.1472457071662556,-1.0804362086016999,-1.234967505520579,-2.952705704029113,FAULT
,-1.335006029269855,-1.2181674631294557,-1.0213578333191182,-2.5137249346266186,FAULT
,-1.3102222528057696,-1.1638526898656125,-0.9319376146352429,-3.7226758408542255,FAULT
,-1.3224611561375974,-1.300438518398055,-0.8815532188070972,-3.058248751442202,FAULT
,-1.156713260617274,-1.3419233963618273,-1.060101591247906,-2.554660130178844,FAULT
,-1.2627477716510727,-1.1091473103919804,-1.072028253030258,-3.1017438162808473,FAULT
,-1.1347773819368145,-1.1067314810626256,-1.1726697344328467,-3.2615491617533374,FAULT
,-1.1920879902143195,-1.082096754150831,-1.1797887837682912,-2.9920308670216484,FAULT
,-1.2351737818156747,-1.0768309459603123,-1.1850255083973043,-2.7677370665487824,FAULT
,-1.1016528610291887,-1.368526668512315,-1.079351276843588,-2.6120884385848906,FAULT
,-1.066678095593831,-1.175760901884929,-1.1146061858509997,-3.951719784458323,FAULT
,-1.3507584544011932,-1.1544717476144737,-0.9612970150091374,-3.1387788289532783,FAULT
,-1.3314633533383389,-1.3022792879376532,-0.946334829939684,-2.5791681682214143,FAULT
,-1.2084347918912535,-1.044767000822142,-1.1569547646232416,-3.348996857604251,FAULT
,-1.1534696105044895,-1.2993673645728763,-0.95639492784426,-3.594299039501549,FAULT
,-1.1222525582849563,-1.1161543409193246,-1.1700793117466868,-3.3083891094058857,FAULT
,-1.26633102578165,-1.2213062188688806,-1.0347428945712815,-2.688635664062416,FAULT
,-1.3941529239786559,-1.2242911434816115,-0.9708699994363427,-2.5353049060226924,FAULT
,-1.294614208262991,-1.0591192577259247,-1.0389307521660105,-3.672905716393171,FAULT
,-1.039323094797992,-1.3743112138474287,-1.0585391573189267,-3.071968258047648,FAULT
,-1.33730449250015,-1.2736344951293892,-0.958177039676743,-2.6031057885205384,FAULT
,-1.2064675050341964,-1.333559136751139,-0.9361801903691515,-3.099160413256061,FAULT
,-1.1882680803653847,-1.1578342643825161,-1.0526328894087515,-3.4398986801125866,FAULT
,-1.14244523934783,-1.1663623548966737,-1.1526007207883011,-2.925279412108391,FAULT
,-1.1258194075709378,-1.2162740399742527,-1.1592820132567976,-2.7246389694917763,FAULT
,-1.1617867311062229,-1.2147786764875692,-1.1090331929113837,-2.806434954210489,FAULT
,-1.1846746598261475,-1.1264454437456848,-1.0532244525965886,-3.855662298861178,FAULT
,-1.3652084735072663,-1.1685339539612687,-0.9411570013299952,-3.1309993065271113,FAULT
,-1.0891930471016271,-1.2560807358529995,-1.189623798800708,-2.598186050992457,FAULT
,-1.0756471872727438,-1.3035283188611726,-1.0595448643970222,-3.200603341717816,FAULT
,-1.1245053061883372,-1.1032391732283267,-1.154197124268351,-3.5726372376731397,FAULT
,-1.2371438670159938,-1.0609458877385292,-1.1343176321474533,-3.1696500524033397,FAULT
,-1.081670256569571,-1.3453260288439144,-1.0963166230564512,-2.7118022294135287,FAULT
,-1.33135380048827,-1.0653341975388726,-1.1293429953810656,-2.6879194132284234,FAULT
,-1.2505025699387586,-1.2285833715479115,-0.9362824921931591,-3.545662110190307,FAULT
,-1.3533999146291968,-1.1549398276568703,-0.9543453195410967,-3.1820862804077255,FAULT
,-1.2178579010012882,-1.240165982797704,-1.0805936946963526,-2.5848606806816754,FAULT
,-1.323845975697621,-1.0355315107067689,-1.0940806004220653,-3.1234480985089808,FAULT
,-1.159012402481026,-1.10961854694897,-1.1485838088688176,-3.2331302771945505,FAULT
,-0.9104974861154093,-1.398431955061066,-1.1705746303479472,-3.206369659899359,FAULT
,-1.096120884768054,-1.298278484150989,-1.0964184746351557,-2.834151136296714,FAULT
,-1.262063162781932,-1.3030787402788437,-1.0160144069398471,-2.4864890222401095,FAULT
,-1.2304944364152077,-1.1824239225633777,-1.0029923319679062,-3.365729368167186,FAULT
,-1.1654133988261626,-1.2868002270523504,-0.9912839392206129,-3.1953217449845974,FAULT
,-1.2806065000042692,-1.2091739704683309,-1.0525072591708646,-2.5952647844974113,FAULT
,-0.9774413667421068,-1.2875784704314608,-1.151822311952532,-3.45052617060473,FAULT
,-1.153612954439552,-1.1798862140788018,-1.07493401611312,-3.3278210927389487,FAULT
,-1.319055466299409,-1.0173118212763057,-1.1606231490887475,-2.851531855557922,FAULT
,-1.167848727697378,-1.062484137442892,-1.2480025979474367,-2.877224387275281,FAULT
,-0.9693307474906643,-1.3703755414966343,-1.1971688855197469,-2.7394868520640525,FAULT
,-1.1677380200594445,-1.2154396225473016,-1.0059974134114607,-3.6241822406672117,FAULT
,-1.230217460577377,-1.279440033847331,-0.9296593370275118,-3.3555607879992477,FAULT
,-1.3270023755947087,-1.2837880737328298,-0.9865309914496072,-2.4665786779688097,FAULT
,-1.3734792235995854,-0.9576985714199955,-1.1158265666730514,-3.342282906253639,FAULT
,-1.0108764562575316,-1.2765375295805912,-1.1173483688881765,-3.5081484525100235,FAULT
,-1.0888499672543444,-1.1268455154425887,-1.2064934003291021,-3.216429276574913,FAULT
,-1.2028318718711535,-1.3208877989511614,-1.0080241225686242,-2.690899069887413,FAULT
,-1.3908014512999427,-1.176061253717213,-0.9961685863768728,-2.612633084645957,FAULT
,-1.1756137541413676,-1.0759353559627007,-1.130906693587868,-3.588081290132996,FAULT
,-1.120922973537474,-1.250472660329516,-1.0571872503920123,-3.213387684962914,FAULT
,-1.1218467244966959,-1.1398721999210155,-1.3003767995283713,-2.500631499039531,FAULT
,-1.384770931975619,-1.0357998829205444,-1.0593894165091151,-3.0363650708855756,FAULT
,-1.3609371283996885,-0.9733315909450463,-1.1149464706371224,-3.2747952756807357,FAULT
,-1.1823106745868557,-1.0973571647628553,-1.135675150055405,-3.2577906327975863,FAULT
,-1.126267909817845,-1.2167641823617985,-1.0992145689837833,-3.0696104229160905,FAULT
,-1.15255825687801,-1.2524630850258236,-1.1060442439862863,-2.695523150076965,FAULT
,-1.2173208573424934,-1.1687242576591548,-1.019972415540685,-3.4231430498657995,FAULT
,-1.4911459002406893,-1.1259106030131902,-0.920325887904038,-2.9538365065131904,FAULT
,-1.3819557300035852,-1.12914745866693,-1.110183296966845,-2.342307136986139,FAULT
,-0.9241604834045867,-1.2905049760131198,-1.2343769165529175,-3.29716984734893,FAULT
,-1.2389961981941213,-1.0469777557630555,-1.1128421281376977,-3.4833439860022186,FAULT
,-1.3152733169965949,-1.0446126892560084,-1.075350300659514,-3.2546904256982994,FAULT
,-1.3570389481960783,-1.1785739968500115,-0.9878906016587351,-2.7725957983389193,FAULT
,-1.3023020589502958,-1.1073710997987027,-1.156941850705121,-2.486242878420189,FAULT
,-0.9559618886124862,-1.3603409705632976,-1.1068739366386573,-3.561586207750993,FAULT
,-1.0087668928886009,-1.2213935293777007,-1.1911158126920038,-3.3068718293193413,FAULT
,-1.3702673538317636,-1.251303944321696,-0.9702077663712384,-2.5154661314604714,FAULT
,-1.4149992219834053,-1.069234347097112,-0.980721871756134,-3.2502972484729247,FAULT
,-1.0787108171484159,-1.0808199773250542,-1.2343190976952092,-3.519428627780285,FAULT
,-0.9158134728457651,-1.2673588293817315,-1.2882405773871137,-3.1587407955757256,FAULT
,-1.1401028513544593,-1.1794555829937698,-1.1338023237472747,-2.9767047151484416,FAULT
,-1.3696441351642985,-1.2860546403710114,-0.9482542251964136,-2.50070864389494,FAULT
,-1.2190117439296522,-1.1019225884523374,-1.0672772152324248,-3.564806090970527,FAULT
,-1.255141449238194,-1.3274099430486839,-0.923318387232702,-2.9449912516688865,FAULT
,-1.0390214475242059,-1.4385912870194892,-1.1203434764269251,-2.49169234138432,FAULT
,-1.0728331822762742,-1.1243151582549962,-1.2312382320774584,-3.190381710615775,FAULT
,-1.0329229056678886,-1.117677478564126,-1.267709820883668,-3.337630281225732,FAULT
,-1.1877710870621683,-1.0434249373667654,-1.2071079201696238,-3.1282866252984993,FAULT
,-1.2530472391035192,-1.1141321493952758,-1.111996167533193,-2.860062576654652,FAULT
,-1.0990535615586259,-1.3163249695667996,-1.1441452722517635,-2.5232460058390775,FAULT
,-1.1856263119422576,-1.165500176628987,-1.0333756019877938,-3.616570344324575,FAULT
,-1.5136682125901322,-1.069452015147499,-0.9695543826533347,-2.8568342131077813,FAULT
,-1.403811937685976,-1.1273933469825836,-1.0585337936055872,-2.4829001454729487,FAULT
,-1.1868244543564952,-1.003808287273266,-1.2449111687406005,-3.209828634321089,FAULT
,-1.0979335723543269,-1.31037649246167,-1.0457817811256787,-3.0943405255769973,FAULT
,-1.0052014483247682,-1.2153784743010314,-1.2385436681762862,-3.0443891723348235,FAULT
,-1.1964136196217552,-1.26365577627377,-1.0570039934830966,-2.694008886825644,FAULT
,-1.4712529947685524,-1.1473621597028596,-0.9932570971918642,-2.4947034155429377,FAULT
,-1.2839513157698226,-1.0721518959195548,-1.0241722758839262,-3.830702044725158,FAULT
,-1.0083223822506544,-1.467212864025843,-1.0083162838476536,-3.2246540558417127,FAULT
,-1.4349051173196063,-1.1219983861063925,-1.0242283689679386,-2.561871518774533,FAULT
,-1.4138516984780438,-1.062344030357785,-1.0399820085763363,-2.852678800024171,FAULT
,-1.443687499219974,-0.9515260292587324,-1.083473270526416,-3.2346256179513624,FAULT
,-1.2274168501628397,-1.047512100815775,-1.1546526345715369,-3.1947938396865254,FAULT
,-1.1394895089816839,-1.3378746560820938,-1.0269620265308774,-2.8214141269603394,FAULT
,-1.2713349620428314,-1.3201062342938807,-0.9634965750012352,-2.6467713050383845,FAULT
,-1.365190808546533,-1.133345452747923,-0.9462947674186575,-3.3657231493013473,FAULT
,-1.3714206741364314,-1.2479755683767775,-0.9251534907423119,-2.7694283812594684,FAULT
,-1.2365642961429122,-1.2431328772547556,-1.095648854568717,-2.4439390881380025,FAULT
,-1.1866896798050066,-1.1540817518614463,-1.0938326107254392,-3.1124311880864384,FAULT
,-1.111041177246043,-1.081461384308271,-1.2012518795195761,-3.478067880760234,FAULT
,-1.2561370001121794,-1.0016077726518815,-1.1849625862535569,-3.165286951388105,FAULT
,-1.186653010604039,-1.2126272339487099,-1.0789245549174202,-2.8580073155398686,FAULT
,-1.3298501250656176,-1.0637598253275722,-1.1161772563547239,-2.7678322316602992,FAULT
,-1.031270577218599,-1.3662987919297251,-1.0300335114533903,-3.4608787763045816,FAULT
,-1.28175854555077,-1.1916704801400724,-1.0006917913678521,-2.9737225723999248,FAULT
,-1.2380430246220961,-1.3243948331096898,-1.0492616185292354,-2.3656440182973832,FAULT
,-1.4313916804269058,-1.1540534729209273,-0.939303486015112,-2.9046493576364205,FAULT
,-1.2746051907451699,-1.0395433676896824,-1.1183672602192345,-3.2181358321834814,FAULT
,-0.9754291989383019,-1.1624777491689706,-1.3363825918199517,-3.047772931502255,FAULT
,-1.302624688443429,-1.0274187672069324,-1.1898380030912956,-2.7183678431732727,FAULT
,-1.3140091977569204,-1.2070590243672008,-1.0102018876394445,-2.6876812185599745,FAULT
,-1.2450309021516706,-1.2254701854086778,-0.9366559862468369,-3.6301543937692835,FAULT
,-1.0694668511657812,-1.3405604114537417,-1.0233983793312589,-3.3315404736548646,FAULT
,-1.1889427933563728,-1.2864531858385815,-1.0920063079119469,-2.48092888227316,FAULT
,-1.1042234493597491,-1.193121856880833,-1.1338060458154788,-3.136082466235227,FAULT
,-1.2587599778748697,-1.0073368370958644,-1.139334328952679,-3.481157102514347,FAULT
,-1.2386668552538644,-1.0958411257755516,-1.1096348806584775,-3.0727842401434797,FAULT
,-1.1603961966802985,-1.2283719316652635,-1.116081885703615,-2.7134378596054387,FAULT
,-1.1602031563533959,-1.261896397826745,-1.0993393980716677,-2.653990624955433,FAULT
,-1.2201216544283922,-1.172982209294072,-0.9944445680416741,-3.671662586736942,FAULT
,-1.2376686971910362,-1.1978898032454803,-0.9983843781131787,-3.228027192396564,FAULT
,-1.266202083123239,-1.2519386988144878,-1.064495381221202,-2.439000275374212,FAULT
,-1.269414502762143,-1.0114172281981102,-1.1401107035174098,-3.3377404032108826,FAULT
,-0.8678721305866355,-1.3484103006759955,-1.2301245854175682,-3.566762342769964,FAULT
,-1.045829103078465,-1.0890621298675276,-1.3201856040204238,-3.1014938842757154,FAULT
,-1.3188062981428677,-1.2352236413975708,-0.9992688337470851,-2.6087383085442055,FAULT
,-1.5126466268400371,-1.1509898003060393,-0.938024265196788,-2.6317835293017997,FAULT
,-1.1984278091160012,-1.1625632292133907,-1.0242203320454264,-3.6279013371760107,FAULT
,-1.1535958260805423,-1.3507309794408766,-0.945772434541782,-3.294961589124512,FAULT
