unit,CSP_1,CSP_2,CSP_3,CSP_4,label
,-2.557714746911012,-0.681209138061111,-1.2804627852817454,-1.9761275123240887,PATROL
,-2.600968580110861,-0.6905857888543713,-1.2553462865871616,-1.9694122788112944,PATROL
,-2.577780405714139,-0.7354191366382558,-1.1079536388970377,-2.1670140887145415,PATROL
,-2.3499895977369674,-0.9268392500556284,-0.8917003506296809,-2.3139596436488974,PATROL
,-2.4782249657247717,-0.7593253687857789,-1.0136195707637603,-2.4624849460929,PATROL
,-2.7436222633407734,-0.6196196784591641,-1.185749171372823,-2.3860010128353766,PATROL
,-2.7572299706247794,-0.5864672600812091,-1.2515696770896185,-2.3624604034924643,PATROL
,-2.3664641104384723,-0.6575797073678957,-1.291074415236456,-2.17940170251746,PATROL
,-2.7606794543470836,-0.5342862067415981,-1.4069714405279117,-2.2463944909096654,PATROL
,-2.9133866209451935,-0.6708483739399602,-1.0919895385356653,-2.3137920362627824,PATROL
,-2.857934428962709,-0.7057710299306839,-1.1095884779272358,-2.127032507225462,PATROL
,-2.4860572958622047,-0.9711454521068951,-0.9109780582869124,-1.9952275402166435,PATROL
,-2.5983766392355996,-0.9706253518862311,-0.9447649833138622,-1.8452313161434828,PATROL
,-2.3559525900513365,-0.8363874415539516,-1.0274886723893641,-2.171387783981446,PATROL
,-2.462187470832993,-0.7577761723088196,-1.0945271746724408,-2.195109986259145,PATROL
,-2.317039707636225,-0.6715725063337251,-1.3014964906422253,-2.1336336617999527,PATROL
,-2.429043475817229,-0.6897860890181202,-1.2477339588366236,-2.095239434483793,PATROL
,-2.2775160451498944,-0.8286243812795592,-1.005961686010048,-2.3526256202069775,PATROL
,-2.103926357357727,-0.9239101653598107,-0.9413909015914904,-2.3971733903891494,PATROL
,-2.1586828993400826,-0.8795052811986489,-1.002123221061655,-2.278521553196445,PATROL
,-2.2069632450172105,-0.9775375076921576,-0.8852114400305531,-2.291621863940011,PATROL
,-2.439678840246946,-0.9569123179810973,-0.8477225549202876,-2.2991437047322663,PATROL
,-2.6102445012975455,-0.7445198194086624,-1.0553883554643528,-2.268532622603537,PATROL
,-2.55828578356028,-0.5832157208194697,-1.3433636544032412,-2.268227556758551,PATROL
,-2.088367154938396,-0.7315283560176788,-1.3177350027380446,-2.0620208493928103,PATROL
,-2.143417573990481,-0.6806392480709068,-1.340683715802341,-2.1646803426114722,PATROL
,-2.3491172109617975,-0.8411815897336123,-0.9806118365549698,-2.3200939853265403,PATROL
,-2.3064945287382352,-0.9739596251648482,-0.8588260175043846,-2.3111613414932224,PATROL
,-2.288026737179062,-1.011381464556773,-0.9088463156890146,-2.026253699434016,PATROL
,-2.208865474981101,-1.008252976037704,-0.8543031101438735,-2.305195318588916,PATROL
,-1.8757630293481398,-0.7929040871874352,-1.1744310485282365,-2.462301273992924,PATROL
,-2.491186850481188,-0.6801846646432699,-1.133540895630841,-2.4216673453094284,PATROL
,-2.4117110333799237,-0.6530552039490028,-1.220848919783216,-2.3548751995670507,PATROL
,-2.7256677333850465,-0.7359105292259106,-1.084768681168304,-2.1417550147693367,PATROL
,-2.4415038612914683,-0.8169176943113625,-1.0661809128605266,-2.064688248474593,PATROL
,-2.004495480929478,-0.8692308265178376,-1.1264377205334888,-2.1052781663014866,PATROL
,-2.0178251802123675,-0.8639316393096006,-1.0589215606430264,-2.315422664643202,PATROL
,-2.135187467991733,-1.0410393363599468,-0.8025368266156768,-2.51950404394396,PATROL
,-2.366102913177264,-0.9392641137138622,-0.8096093655522218,-2.656307477817839,PATROL
,-2.3971762411989697,-0.7723336327848538,-0.9444031069524288,-2.8442127118676015,PATROL
,-2.669629595288158,-0.6461943595797862,-1.110166285713212,-2.5615932405197044,PATROL
,-2.3994764724492814,-0.8848718259743122,-0.945941578200211,-2.2242019701233082,PATROL
,-2.018792406313105,-0.8530323292212662,-1.091470776531844,-2.2505520575716047,PATROL
,-1.7498483637854263,-0.9004649892514311,-1.176971709878985,-2.1927592066834927,PATROL
,-2.118155254289502,-0.8170742509282674,-1.2092674643406713,-1.9689110119366233,PATROL
,-2.460556689701759,-0.5814757895503458,-1.4517385228488302,-2.1088532472509702,PATROL
,-2.52315593632362,-0.6084418816238479,-1.2925661653986347,-2.2923329649493995,PATROL
,-2.026555506211312,-0.8056273554871677,-1.1302883497342517,-2.318067736012553,PATROL
,-2.0464954908634705,-0.8079497630727883,-1.1461313592087783,-2.233264366544699,PATROL
,-2.458695867868595,-0.7623794176196147,-1.0245772949186283,-2.4196761518342824,PATROL
,-2.488309704424067,-0.7208842646351485,-1.1277630332520598,-2.2361321781144263,PATROL
,-2.5879980590261042,-0.7703007201165956,-1.1015715728453137,-2.0432453324380617,PATROL
,-2.526647754189875,-0.6682146565466895,-1.2236411485365117,-2.1777745335393273,PATROL
,-2.420325932403049,-0.7422917490903883,-1.0423756980055947,-2.4953250398647295,PATROL
,-2.6254271470851758,-0.7346174635367455,-1.0634805413159916,-2.276428150601151,PATROL
,-2.672998132663474,-0.6230172783754192,-1.2058259859254454,-2.351914264519997,PATROL
,-2.6030351810715553,-0.9527968074714199,-0.8456926020964577,-2.197948805478914,PATROL
,-2.6484777469885676,-0.8033432549997912,-1.0095160209768208,-2.1454394033033304,PATROL
,-2.603295294564521,-0.7398961132196309,-1.05945315610177,-2.281195794109339,PATROL
,-2.187698872137915,-0.8432498813542915,-1.0416910390035072,-2.2570559935286285,PATROL
,-2.1406382639203088,-1.1286165005795505,-0.833628595859205,-2.0836918500463746,PATROL
,-2.3015126682117977,-0.8206999629460111,-1.0304420676696626,-2.273802813117214,PATROL
,-2.693135963495842,-0.5988746108281079,-1.1956707874805999,-2.5207284578121945,PATROL
,-2.7687934838281865,-0.696972523454126,-1.0252506089231432,-2.5199353873739914,PATROL
,-2.77060237379495,-0.7160424379201762,-1.0080560353129417,-2.4797327650530185,PATROL
,-2.5814981791894285,-0.6811923322799484,-1.1027277773117035,-2.44920966067988,PATROL
,-2.4944946816314117,-0.9005683556767146,-1.0416995459532896,-1.8434609171531848,PATROL
,-2.540129203116691,-1.0216534165688878,-0.9039861732493633,-1.8566670714484887,PATROL
,-2.729274160938065,-0.9419456050013124,-0.8874592507916653,-2.016171311541638,PATROL
,-2.711819722577417,-0.793906169349579,-0.9596677739210827,-2.3178145849010745,PATROL
,-2.368247303529418,-0.7390739867009448,-1.072614813099257,-2.4454563451197644,PATROL
,-2.6090644993690457,-0.6101710379340842,-1.205327056866707,-2.4823735830163605,PATROL
,-2.749277768300989,-0.740421931903457,-1.006635735536489,-2.3680100766742385,PATROL
,-2.5748996449067887,-0.7294266308504366,-1.0817779746028484,-2.276324116302599,PATROL
,-2.6727960135936315,-0.7905323931158839,-1.0346353200669238,-2.103882194575259,PATROL
,-2.706635789883445,-0.7342154206253146,-1.108382266279742,-2.0934218146828,PATROL
,-2.5697824625506014,-0.8352592615217777,-0.922818765844378,-2.3828357019315547,PATROL
,-2.769605750578042,-0.9406273070297207,-0.8687036649093441,-2.060145597280424,PATROL
,-2.8640806614507794,-0.9370292120988886,-0.9109550108128119,-1.9035779113790017,PATROL
,-2.861717165607384,-0.6319073581437739,-1.2559018599686107,-2.0680371888761706,PATROL
,-2.708570366430481,-0.6357156653559557,-1.3150606037116326,-1.9998648038479134,PATROL
,-2.6580488464507392,-0.7828147579263474,-1.0338233960801249,-2.144274044862001,PATROL
,-2.6586849572122104,-0.7479350728744171,-1.0921325776842619,-2.111002222223406,PATROL
,-2.246621438438296,-0.8017471202640353,-1.2232462628598724,-1.8876573533585375,PATROL
,-2.4082422839871307,-0.7323280652960712,-1.1936927084874802,-2.0703757039098574,PATROL
,-2.439691909423768,-0.7515867263993622,-1.0710771570121842,-2.3171362690749433,PATROL
,-2.181070907917342,-0.7587831537068653,-1.1362571876709069,-2.324571811421804,PATROL
,-2.264540340757175,-0.7108759406079354,-1.115234362764566,-2.563040447717717,PATROL
,-2.592170730726523,-0.7365889530050179,-1.0505418421902188,-2.3366560746269003,PATROL
,-2.7453397951638623,-0.6669191617744704,-1.1850521816569786,-2.1476706967679804,PATROL
,-2.634665592960631,-0.8879042679846846,-0.9188524078770608,-2.1390801066692484,PATROL
,-2.2851348970190952,-0.9316840043159846,-0.9914798462148386,-2.014983484076644,PATROL
,-2.38687844193961,-0.9315485213126978,-0.9633217177084877,-2.021040570169574,PATROL
,-2.9206796614186414,-0.6522840251360899,-1.131484683432088,-2.2759998823429504,PATROL
,-2.6888517184671095,-0.6659375413485885,-1.155882994740371,-2.2684735350978196,PATROL
,-2.392700958630482,-0.6662884667283574,-1.1823673585127703,-2.4252728615573282,PATROL
,-2.6274751579970888,-0.6491232078525471,-1.128734908746216,-2.5035582783276684,PATROL
,-2.5545251340966697,-0.646003117199504,-1.133818951084695,-2.572657831009323,PATROL
,-2.381493764310876,-0.732433044764214,-1.0876883095599064,-2.4095575999730205,PATROL
,-2.0891207190676018,-0.8114159586308278,-1.0792055129872333,-2.3847716318161263,PATROL
,-2.17744568009543,-0.8676211017878026,-0.9964239548468857,-2.32767085005762,PATROL
,-2.3518284264024247,-0.8974079729743357,-0.987090319158272,-2.0832828891026907,PATROL
,-2.7126889402576886,-0.8060859885372397,-0.9667416158601055,-2.237556461827688,PATROL
,-2.5019088122425335,-0.6519853631602996,-1.2487281044631904,-2.2055332542969874,PATROL
,-2.2166266374847785,-0.6531619280053567,-1.2274064562513198,-2.556515908885848,PATROL
,-1.9662640063840262,-0.82348726006273,-1.1318554611429934,-2.315788949542913,PATROL
,-2.120640960444446,-0.8350188210068354,-1.049493343365108,-2.3427419495450503,PATROL
,-2.529700893171927,-0.8184115719803292,-0.930882320836308,-2.465344001465621,PATROL
,-2.6435263658483397,-0.9225292798005104,-0.8619393639076172,-2.2160829326714717,PATROL
,-2.3415327489172504,-0.8767905051312888,-0.9463312052477814,-2.3071846749409914,PATROL
,-2.1360882802411427,-0.7569169742084203,-1.1223758355712512,-2.4387712553789984,PATROL
,-2.3011638397180016,-0.7088271474835709,-1.1156639117877551,-2.5264918428146297,PATROL
,-2.603844870437905,-0.7365314478513499,-1.0265807698895615,-2.4190062910381904,PATROL
,-2.520805753531344,-0.8544362594804287,-1.0736688380609114,-1.8817073107274567,PATROL
,-2.382855684733188,-0.7047480954256738,-1.195378237149449,-2.199209339853262,PATROL
,-2.1614054957077524,-0.851303711056059,-1.0328390511635739,-2.282939853984799,PATROL
,-2.003975145929152,-0.9690330125021962,-0.9817331104318159,-2.1974088716666733,PATROL
,-2.289686971785386,-0.9134401378147522,-0.8799992274419722,-2.491608205764705,PATROL
,-2.474721008263142,-0.7415029982101664,-1.041761916523411,-2.4466436996492784,PATROL
,-2.685133586582664,-0.9555699409600845,-0.7780841119114476,-2.4314425772457207,PATROL
,-2.511467807832738,-0.8045065464369686,-0.9521131839470739,-2.4578628928580906,PATROL
,-2.2678304356999752,-0.7206184976145965,-1.1788324692662955,-2.279118258128909,PATROL
,-2.238621542614778,-0.8676748076358994,-1.0352016971147315,-2.134420945252444,PATROL
,-2.2426984932418894,-0.9877447079350039,-1.0104576150563618,-1.8492166289442695,PATROL
,-2.2331925792812695,-1.0406060102319266,-0.9553248008127226,-1.8650621186712186,PATROL
,-2.4919276130880625,-0.7979088654248307,-1.0575398501980808,-2.1230093822034655,PATROL
,-2.4322980305018778,-0.646920222813931,-1.263300580043532,-2.246300608673302,PATROL
,-2.509502528169995,-0.7019847130372877,-1.0926516486342872,-2.433098489982304,PATROL
,-2.127334992101117,-0.7659495713692381,-1.102155250127067,-2.4793357238052396,PATROL
,-2.2355854530372055,-0.7943020155709916,-1.023982689952843,-2.5008861566425358,PATROL
,-2.4464563502751555,-0.8919154226266661,-0.8992271991940228,-2.3366986810314536,PATROL
,-2.5822271832549215,-0.7836416740620582,-0.9919673333187935,-2.335020536786959,PATROL
,-2.6626532501936584,-0.7834681535819933,-0.9926129587670754,-2.2748616047754244,PATROL
,-2.740740423158849,-0.7800405843362285,-0.9728572943185305,-2.311740829670356,PATROL
,-2.666127405899829,-0.6564659841377888,-1.2052518579827387,-2.1876379581310195,PATROL
,-2.522588037479274,-0.701560900766078,-1.2353344961189185,-2.0159029733968907,PATROL
,-2.706339972683404,-0.7896456911105662,-1.027912548799278,-2.10816516756691,PATROL
,-2.6553598962588896,-0.8608534514249193,-0.9123388286405774,-2.2505480148664505,PATROL
,-2.458924800583941,-0.8108248701379457,-1.0387832023505237,-2.1533305562486698,PATROL
,-2.2083846979226185,-0.8754896247484174,-1.0069772603367786,-2.2243058415034622,PATROL
,-2.0536141297939174,-0.8611360838631306,-1.0949382446282365,-2.167288353371955,PATROL
,-2.776023995621337,-0.6063004341590336,-1.240843507958208,-2.2709957429574583,PATROL
,-2.7284577674129746,-0.6069094504527244,-1.287812552186506,-2.1735434750009395,PATROL
,-2.5901515753678255,-0.5688406314148963,-1.2953598251535003,-2.4649801222576238,PATROL
,-2.6087677734619485,-0.5721748312175535,-1.23798169017976,-2.629575561333854,PATROL
,-2.494207661834383,-0.8016972653105748,-0.989195251084426,-2.3330923447383682,PATROL
,-2.430108639724314,-1.0488307851873957,-0.8788375040695178,-1.921684470627037,PATROL
,-2.49519517982762,-0.9211696988546477,-0.9856499630337989,-1.9223017458542215,PATROL
,-2.97571996562725,-0.8801143609263614,-0.857685170509387,-2.206265779595543,PATROL
,-2.6189370710923425,-0.769000756106926,-1.1278524481750951,-1.96671291703331,PATROL
,-2.5105626286511473,-0.7132022084364242,-1.141361403835392,-2.213465048555339,PATROL
,-2.561691761286208,-0.6145287312492099,-1.1955873868862428,-2.5332067157235647,PATROL
,-2.6410226871913864,-0.6055563036267779,-1.1820860812410596,-2.5730489581408076,PATROL
,-2.440443385758737,-0.7386468224735119,-1.0998654927871008,-2.2808044897495945,PATROL
,-2.382636784816295,-0.7464353765835818,-1.0855551081395043,-2.3441833802478658,PATROL
,-2.363880258311218,-0.5943651598593994,-1.3817187952430383,-2.2741327451462485,PATROL
,-2.5756651411165494,-0.7440881263370728,-1.0497686689787469,-2.3155618441910235,PATROL
,-2.8700994017526384,-0.7369798104252159,-0.9920866785047874,-2.3650191358834802,PATROL
,-2.72351947539836,-0.6977916300371594,-1.1697546663332932,-2.069646241269841,PATROL
,-2.552530534335378,-0.9080774107208922,-1.006978584516182,-1.8740826292430963,PATROL
,-2.731981246529753,-0.7586695365878438,-1.0780303365386679,-2.068654570801603,PATROL
,-2.9549074314587114,-0.6204403982917103,-1.1495241011585116,-2.3706343445172333,PATROL
,-2.8020313678239663,-0.5740509446205879,-1.1850561293512112,-2.6543412886512088,PATROL
,-2.3340266547879964,-0.7183828079568099,-1.1183617301647255,-2.42203991474188,PATROL
,-2.310453956828704,-0.7217440134555005,-1.1615951634201689,-2.2838301965844905,PATROL
,-2.3923058307183425,-0.6762143805450745,-1.174342427572384,-2.3966677577902753,PATROL
,-2.4034898716413045,-0.6200984728743465,-1.2950317476146358,-2.3246522639769522,PATROL
,-2.3338704475153285,-0.5891484208088739,-1.3685889663122313,-2.3664326776312774,PATROL
,-2.533076439638296,-0.5279963715098946,-1.413809873835383,-2.4351424004993882,PATROL
,-2.6175766326608274,-0.7806124489504245,-1.0401086708313263,-2.15866767199194,PATROL
,-2.4631949919706377,-0.8027808621773607,-1.1106362525957674,-1.984807558212808,PATROL
,-2.4493178207253243,-0.9957823254129788,-0.9791613401463476,-1.7803020199222386,PATROL
,-2.426966508493248,-0.9005308629592097,-1.1034757704591391,-1.7508533879756494,PATROL
,-2.438148073978,-0.9744809014111311,-0.929456052041648,-1.9623983801692138,PATROL
,-2.6932121677143175,-0.6750005759946666,-1.1939605364111143,-2.1189156041206343,PATROL
,-2.658834854509977,-0.5875187081364766,-1.3122072054533267,-2.253408092469624,PATROL
,-2.7352280674241634,-0.54611701396221,-1.322217058979747,-2.41482886015467,PATROL
,-2.4640060397499015,-0.757826883050985,-0.9910916656692669,-2.5895804751198837,PATROL
,-2.364271378507541,-0.8347061061605903,-0.9147853646660568,-2.6397710770717664,PATROL
,-2.128577733012252,-0.8011700821725425,-1.0336948958119274,-2.5704677180713746,PATROL
,-2.1919249404942205,-0.8583850393173735,-1.0208495726051292,-2.261791252553283,PATROL
,-2.6740255012407492,-0.9861886483380911,-0.8083337942378557,-2.185420227329719,PATROL
,-2.5558186808271244,-0.6877117933884817,-1.1571006723148336,-2.2514181814632215,PATROL
,-2.637657734280357,-0.8038887090407757,-1.049612417235097,-2.033986955407515,PATROL
,-2.668146730013682,-0.6532644437653455,-1.166094065794606,-2.315737593029621,PATROL
,-2.438169169922465,-0.7617573573462222,-1.0739786409483003,-2.261562033679189,PATROL
,-2.4263557130405546,-0.6692858688390552,-1.1711220802492182,-2.412972273243196,PATROL
,-2.253815699977965,-0.7028522487226797,-1.253399877187707,-2.1689385578692555,PATROL
,-2.2805517161819133,-0.8680459209758185,-0.9964512878752999,-2.218115855974289,PATROL
,-2.555972118298498,-0.7667511633686586,-1.057180539215445,-2.2033781363257905,PATROL
,-2.161054500787197,-0.7742066162023682,-1.1140462219831477,-2.348641619442664,PATROL
,-2.212772621839418,-0.6814185475083875,-1.175197663132379,-2.577728721928778,PATROL
,-2.6335184308839676,-0.5598690856419971,-1.2627654213236108,-2.6034177934595606,PATROL
,-2.760021407417648,-0.6727383028505579,-1.0924285824306499,-2.396902913784902,PATROL
,-2.5387604954690914,-0.8582542372800381,-0.9354333836223224,-2.256478964671208,PATROL
,-1.9183882527419298,-0.9301357704504561,-1.0682239605391328,-2.16249143767445,PATROL
,-2.0334251658039237,-0.8954050507071397,-1.0375520937488307,-2.241015372880814,PATROL
,-2.4837903432779513,-0.7945024561937057,-0.9389163241955798,-2.607532176198195,PATROL
,-2.505345996354926,-0.8174580736043976,-0.9046430277213781,-2.6295110724576802,PATROL
,-2.6267019275570935,-0.9022424313343256,-0.8209201910648021,-2.5010617755523565,PATROL
,-2.4485099487896336,-0.7950988617372554,-0.9728443264367228,-2.4765241779562457,PATROL
,-2.3913513713600905,-0.7412053914503369,-1.0830510508870814,-2.3709289913914002,PATROL
,-2.241924334811685,-0.9050218268490985,-0.9843674732398158,-2.1581593201576905,PATROL
,-2.255581006070586,-1.026117278834516,-0.9129851971313067,-1.999026062610624,PATROL
,-2.051414660109744,-0.9031006043254312,-1.0093876960258317,-2.285786750638116,PATROL
,-2.5764172894584467,-0.5450424175978206,-1.2934915108504426,-2.6617560592011262,PATROL
,-2.66225224056165,-0.6433893566189471,-1.1185770498472438,-2.551604698404096,PATROL
,-2.37965613170944,-0.7667390887590007,-1.079317613327601,-2.2723966407632736,PATROL
,-2.260962405692284,-0.7881854648083272,-1.1076612443312623,-2.2004779448318814,PATROL
,-2.3115047720875626,-0.9000428984059009,-0.8965763150040171,-2.4490943809345906,PATROL
,-2.32120879440931,-0.9527128272720682,-0.8269787006103062,-2.5410562953873597,PATROL
,-2.468481706179519,-0.9889512621166695,-0.7929435173592034,-2.398994926318113,PATROL
,-2.318304448013954,-0.7944407874763372,-1.0523792521656383,-2.296407603069276,PATROL
,-2.5400746427976,-0.7482928013118603,-1.0635935053051113,-2.2754294874147436,PATROL
,-2.31212583353908,-0.7414671337292228,-1.1469442043347486,-2.2355876738474447,PATROL
,-2.507578798557622,-0.7015384412406293,-1.151028853890042,-2.2405340273556154,PATROL
,-2.6715607676491904,-0.800648768804809,-1.044854376878836,-2.0396426003274715,PATROL
,-2.6582291100474547,-0.9885878264097685,-0.8357788220877276,-2.0851433384438116,PATROL
,-2.3706481530755537,-0.7748454978967111,-1.0986860456099448,-2.1848364658358337,PATROL
,-2.3874629660828957,-0.8286391546049241,-0.9648601888213427,-2.4028696436127053,PATROL
,-2.617806225228359,-0.9099702555704248,-0.8358562552860955,-2.3969186454606666,PATROL
,-2.056709064419318,-0.8215891514243533,-1.0763564597716915,-2.3907773182183143,PATROL
,-2.4917400684291695,-0.676072267864711,-1.160435425574205,-2.351001422917008,PATROL
,-2.92116502409695,-0.7148015545478199,-1.001866204190002,-2.4118825979337926,PATROL
,-3.0308824547986606,-0.6747615065806924,-1.0144560589583973,-2.527611605023436,PATROL
,-2.762769663703375,-0.6170913281194846,-1.188678256772932,-2.377866613434645,PATROL
,-2.3561743677957523,-0.8456964669622333,-1.0712507919603003,-2.014554395746722,PATROL
,-2.5598759467454117,-0.8568034531213646,-1.0472351176025896,-1.915541011967585,PATROL
,-2.6780168421921813,-0.8944339771886695,-0.9117778728863977,-2.114840176464147,PATROL
,-2.5909334088377984,-0.8041084926636877,-0.9878113786307872,-2.2521539629473457,PATROL
,-2.547352437423643,-0.7035068410738484,-1.1124434965902827,-2.321668446379464,PATROL
,-2.3024239437935803,-0.7218263276868172,-1.1191781772616953,-2.435296973873729,PATROL
,-2.291885775778568,-0.8400216123496498,-0.9781001519105205,-2.394718802004733,PATROL
,-2.3835942213262022,-0.7236624620219431,-1.1105722589269886,-2.3704545335958067,PATROL
,-2.5061584952261,-0.6922422433330748,-1.307472103267639,-1.914175960287982,PATROL
,-2.303286254541375,-0.7651161846423592,-1.2833281832199355,-1.8472082748837735,PATROL
,-2.3511732403642953,-0.6619089588121366,-1.2214820406661877,-2.3635663484913185,PATROL
,-2.834962080098586,-0.7473887985672124,-0.9565945384985904,-2.4831649308135755,PATROL
,-2.86052557376628,-0.8182774088483605,-0.9757305844228918,-2.082217748323719,PATROL
,-3.6354972790554174,-0.8692114192312888,-1.0664887231645095,-1.5600189288368977,FAULT
,-3.8898592882813086,-0.7220979927017809,-1.1220332341009742,-1.7825861468599786,FAULT
,-3.855878379701199,-0.9422961332469458,-0.8966396944495739,-1.7082924147206937,FAULT
,-4.0668894394098345,-1.1349646230673178,-0.8430059355884884,-1.4652460651343013,FAULT
,-3.8871629848068467,-1.093437477045308,-0.9215210966343498,-1.4003100817504168,FAULT
,-3.581470782769117,-0.9255745172362309,-0.9506058771618294,-1.6641326511263828,FAULT
,-3.850451589598866,-0.9297464448979628,-1.260655359751217,-1.2019484714271782,FAULT
,-3.6408045437870715,-0.966438588465203,-1.3296669938498678,-1.1124032347963264,FAULT
,-3.8243689026010608,-1.0941040866195466,-0.8141957835653383,-1.6077748838023755,FAULT
,-3.8320026204334408,-0.8370187438667447,-1.1188475148642694,-1.5201536268999931,FAULT
,-3.7515467797836988,-0.7500774461557904,-1.2070350401595584,-1.58422886146373,FAULT
,-3.99267711518049,-0.7990677017836462,-1.4065902085961863,-1.2488847633460491,FAULT
,-3.6810500022587225,-0.7638286751493811,-1.685094348912284,-1.128564660801624,FAULT
,-3.5174260630819845,-0.846604615075188,-1.1373642166874522,-1.5105317716345397,FAULT
,-4.017502143749586,-0.833701719619273,-1.1991148203602087,-1.402004903206734,FAULT
,-3.4919099077191156,-0.9683478635364744,-1.3896765249054135,-1.0767776505253204,FAULT
,-3.6622305713888506,-0.7970730089527697,-1.4200598429339657,-1.2659219822270182,FAULT
,-3.6710626712225305,-0.954449219962705,-0.9880375084184693,-1.5268454618839409,FAULT
,-3.5324935532776878,-1.2380365072382664,-0.7504108785448446,-1.5671326383804964,FAULT
,-3.757346084625744,-1.1086054013839732,-0.9278476708406288,-1.3813797936755898,FAULT
,-3.5134048509112508,-1.1858943299581544,-1.1670453010261193,-1.0400231347651718,FAULT
,-3.4304180282307857,-0.8899981419795665,-1.0081850171871445,-1.6497941390022397,FAULT
,-4.054117602424141,-0.9114847230170969,-1.058374078123542,-1.4537058814082084,FAULT
,-4.140685087990666,-1.119481643895168,-0.8346000440578492,-1.497936614925034,FAULT
,-4.008272735995168,-0.953979533893377,-0.8746559628892997,-1.716885251494898,FAULT
,-3.8396447668546956,-0.8682591042756849,-0.972347446122916,-1.7113431717265573,FAULT
,-3.406005864190403,-0.8482223717856135,-1.1577557943077847,-1.4940547595014158,FAULT
,-3.8928908096841557,-0.7998717051040415,-1.2180225476633784,-1.4506728537363756,FAULT
,-3.968777769332165,-0.9902569135997796,-0.9480312234593832,-1.5045417130541123,FAULT
,-3.6161760235708913,-1.029358778800158,-0.8046865002659085,-1.7799258857000855,FAULT
,-3.8744127588336355,-1.1777839742550171,-0.9938936220158058,-1.200178961004983,FAULT
,-3.605292712790817,-1.2136397968053598,-1.01075564127185,-1.165512724304115,FAULT
,-3.8518742742583307,-1.010847351742814,-0.8549170439641166,-1.6632018921482155,FAULT
,-3.7389305533743484,-1.1172054616542728,-0.787919650976212,-1.6386727426049554,FAULT
,-3.6671047629958853,-0.9337359267353875,-0.9238384878733099,-1.6907837502200975,FAULT
,-4.1650038043314686,-0.8715652792279753,-1.2723617410773362,-1.2517463168215661,FAULT
,-3.9429503157334236,-0.801197225111982,-1.5541950826544177,-1.138003120568287,FAULT
,-3.414455240775425,-0.7645996560909777,-1.2355493936216102,-1.5563219118482783,FAULT
,-4.240003396703013,-0.9576293617048417,-1.1846167795381555,-1.2176410450075998,FAULT
,-3.79109698835469,-0.7217121735267712,-1.8386439305542899,-1.1011855948132538,FAULT
,-3.5833442666582322,-0.8234381788269031,-1.4441438343822264,-1.2128474100207343,FAULT
,-3.510454612128908,-0.7239313147524971,-1.3633499762976529,-1.4719750028256557,FAULT
,-3.4859125994139006,-0.7619173239819137,-1.223468143153903,-1.5683173440838807,FAULT
,-3.9723419893653196,-0.9014112162886337,-1.1687185099669808,-1.330256311224064,FAULT
,-3.6809170813567578,-1.0956679957563498,-1.0835916044329623,-1.196977611187608,FAULT
,-3.390877995344215,-1.0002551802587925,-1.058423952290439,-1.3801808592255806,FAULT
,-3.629174457747847,-1.0908061640124183,-0.9879836244053253,-1.3273099582361403,FAULT
,-3.629629958521442,-1.1282201038139041,-0.9397917702904793,-1.3503247599317518,FAULT
,-3.7851442563263835,-1.12034520237229,-0.8600150880688325,-1.4785345099346494,FAULT
,-3.715017376288596,-1.0863612119582877,-0.7950114608504641,-1.6786444864223693,FAULT
,-3.1269580628917835,-0.8107947621437351,-1.1391688232521366,-1.6525573111566905,FAULT
,-3.804351553864763,-0.9109737138705462,-1.1608923119854075,-1.3379335663602263,FAULT
,-3.9221280334180384,-0.8113426702996716,-1.233171263552624,-1.4082422456776407,FAULT
,-3.720263602495653,-0.9123581828505711,-0.9511189587897447,-1.6719103848702273,FAULT
,-4.063107897158904,-0.7271123078379995,-1.2234516538771891,-1.5833364950164757,FAULT
,-3.6666050848829896,-0.8971783753872369,-1.1711868176156137,-1.359770781369324,FAULT
,-3.7293321197661147,-0.7553167073132634,-1.2029547935066145,-1.5807348489388169,FAULT
,-3.7646236622576934,-0.8066225341577784,-1.051097563125101,-1.7097739224969242,FAULT
,-3.2647796691581874,-1.231378705607063,-0.7619603632464552,-1.5937897406024724,FAULT
,-4.057249440318373,-1.1292734479423636,-0.9255495137836074,-1.3351380480573942,FAULT
,-3.738643752728895,-1.2324437292141772,-1.0383660116701954,-1.1068406554005035,FAULT
,-3.522760007119585,-0.8856642718183986,-1.175063707539748,-1.3893280352031347,FAULT
,-3.8918554457745294,-0.9574256998522511,-1.1638917087593346,-1.2607401339373487,FAULT
,-3.3935357618360307,-0.9772662410341378,-1.3727432056023925,-1.0886789716882197,FAULT
,-3.886279858418437,-0.8831173669374129,-1.0459062272634272,-1.5389174412931608,FAULT
,-3.783488137399686,-0.7571087982421236,-1.371065182277317,-1.3688480621457686,FAULT
,-3.309116732887667,-0.842357511910596,-1.3527175460644623,-1.293821368490627,FAULT
,-3.843919535716736,-0.8041740556176853,-1.4431588357306508,-1.2209405924275492,FAULT
,-3.84651510670732,-1.0077044673944209,-1.1712345928536834,-1.192024605113489,FAULT
,-3.698798157654114,-0.9590143160569485,-1.0097785271176243,-1.4798290545038355,FAULT
,-3.9364691983719937,-0.9917705848632116,-1.126676609228196,-1.2536708000774035,FAULT
,-3.304008195808903,-1.207378738712177,-1.0890956017826119,-1.1154623294082464,FAULT
,-3.81845176040071,-0.8697730339934119,-1.0700981298501264,-1.532399486189695,FAULT
,-3.8581988368389726,-1.228926810704864,-0.7268756484315854,-1.595186989391572,FAULT
,-3.5072528790058906,-0.962054794168566,-0.8989666194049043,-1.7096787977804309,FAULT
,-3.7832073699893636,-1.0134368121450683,-1.0800526037458849,-1.292063475926521,FAULT
,-3.8058733706807866,-0.8750260506162997,-1.276508807557303,-1.2662050234458064,FAULT
,-3.6294390064880924,-0.7624812801255847,-1.0413878830701346,-1.8708220695858946,FAULT
,-3.9831440290165996,-0.9827354563982801,-0.8906448381791835,-1.6260952263899424,FAULT
,-3.9584213336755445,-0.9742677132951751,-0.9763719198502283,-1.4838504361882763,FAULT
,-3.7311301506010213,-0.7718949663944656,-1.1899315373889532,-1.5622887754012296,FAULT
,-3.701173680963819,-0.6763915920046919,-1.2590554519133235,-1.6986242671772482,FAULT
,-3.4779429420414263,-0.9465687061026213,-0.9281425275025468,-1.683237520638516,FAULT
,-4.194001558074185,-1.1768816290823738,-0.8269996674763308,-1.4299695232848861,FAULT
,-3.928245895780941,-1.195330342554648,-0.8563048388184077,-1.37440832668723,FAULT
,-3.324784628447471,-0.9584931282017324,-0.9553893202932242,-1.6302168927650802,FAULT
,-3.767496663070381,-0.9948271674482775,-1.1375219512442174,-1.2500506864591068,FAULT
,-3.5497657580768225,-1.1359146787716707,-1.1073169813121038,-1.1403846968146651,FAULT
,-3.96048759365108,-1.254555176511214,-0.7481710902308742,-1.5027731919372815,FAULT
,-3.8700155066520954,-0.9532039825567987,-1.0366785660441173,-1.431260560228688,FAULT
,-3.398795413332028,-0.8112002321937201,-1.209202514129246,-1.4968824327389996,FAULT
,-3.5749963630408974,-0.8579980081540919,-1.348721093379973,-1.2433986989285546,FAULT
,-3.5649504257129783,-0.9143873585500444,-1.3758101835953132,-1.1447461629774753,FAULT
,-3.576445133889506,-0.9706442812392508,-1.0602031141697217,-1.3991741386414633,FAULT
,-4.16624693600797,-0.7869191464907509,-1.3497587332221521,-1.3095494816925985,FAULT
,-3.652386065431738,-0.9587323927546144,-1.5084368402068922,-0.9957758747377841,FAULT
,-3.441031723479142,-0.7815118473857565,-1.447831979837918,-1.2903462334845242,FAULT
,-3.394987661087171,-0.8827586962002162,-1.0533783766997973,-1.5893349325410617,FAULT
,-3.4552892022320787,-1.0600259048985436,-0.8498772419246963,-1.6372840930431065,FAULT
,-3.996248340769694,-1.020142715638783,-0.9424008783880122,-1.4636898947933195,FAULT
,-3.668691697684079,-1.117552353222222,-1.156331825226641,-1.1002959886307233,FAULT
,-3.3315176424401765,-0.9208374059465602,-0.9931182839946748,-1.6313977633158911,FAULT
,-3.741032341407066,-1.0300040068510832,-1.0024909538714672,-1.377133785049652,FAULT
,-3.7317921913989998,-1.1298327454012398,-0.9178670349310729,-1.3720252105564918,FAULT
,-3.583266560132163,-0.8236909445265035,-1.0972278095480135,-1.6113846920917465,FAULT
,-3.6644692989016328,-0.8201803959859597,-1.0036416208913703,-1.7868446030196086,FAULT
,-3.724868209922384,-0.795579404342101,-1.0836507354118683,-1.6809014420790165,FAULT
,-4.002168701712525,-0.823301375060057,-1.105040305901649,-1.5533105195965033,FAULT
,-3.8405269082120754,-1.1345807227171345,-0.877345543408658,-1.4226454951473932,FAULT
,-3.30015224083212,-0.8834895807828664,-0.881262773273406,-1.998599403859508,FAULT
,-3.7126002391990798,-0.9098558637785447,-1.0843234011437055,-1.4487090263118547,FAULT
,-3.631371090727371,-1.157080896106927,-1.0302444028414797,-1.1966734677086233,FAULT
,-3.6627746474413847,-0.951266591876037,-0.9237950347035949,-1.6550746940129775,FAULT
,-3.396964872258848,-1.141617313953729,-0.8350793237997499,-1.5446664854184315,FAULT
,-3.411152762600863,-0.9860114170196419,-0.954249220977401,-1.5662156520564123,FAULT
,-3.7536637865873193,-1.0546915888431103,-1.155991564853439,-1.1598821147815377,FAULT
,-3.728857899592046,-0.9797860180407276,-1.3803006071056385,-1.052438713607262,FAULT
,-3.485427749971626,-0.7275472143169601,-1.2730631016481078,-1.5784521266230596,FAULT
,-3.7656443014865966,-0.9804575812404273,-1.1326275599149747,-1.2746731121659354,FAULT
,-3.5438476160582995,-0.8975647445057339,-1.5553436856983616,-1.042930750521838,FAULT
,-3.5564776133998746,-0.9212913827448711,-1.2657813543636325,-1.2329305961026698,FAULT
,-3.6550609807050725,-0.8283510556080464,-1.187439282603197,-1.4594248148661009,FAULT
,-3.2559929756874046,-0.9582092463445342,-1.0402102717907074,-1.4938887708937725,FAULT
,-3.5120701198729267,-1.0315317433776134,-1.0871572502040425,-1.2854332788707306,FAULT
,-3.823901465011666,-1.0525585854882333,-1.0960344182237063,-1.221050118167197,FAULT
,-3.4800278632069097,-0.9473815854541559,-0.9289326075423977,-1.6795204678584212,FAULT
,-3.8346435035713577,-1.0075058788655868,-1.035959447435971,-1.3533366178578379,FAULT
,-3.706420178341449,-1.2107503215704574,-0.8186994236381092,-1.4419921500088655,FAULT
,-3.7293177944354783,-1.1120120171641403,-0.8293196134359507,-1.5570913569518536,FAULT
,-3.624029890842039,-0.889438645067878,-0.9253336612223257,-1.7955291906886304,FAULT
,-3.3261221058177046,-0.8411467211716381,-1.0045717439261266,-1.7918556410274071,FAULT
,-3.9128129997725796,-1.065130400041809,-0.9120135645844893,-1.4540664458840094,FAULT
,-4.1030212687739125,-0.8150289521669642,-1.1751823239759862,-1.4606381188794813,FAULT
,-3.732150438287955,-0.8364456748828338,-1.0645765336129847,-1.6198057515359625,FAULT
,-4.215594673397976,-0.8041217536436892,-1.170651044896305,-1.4802061586499962,FAULT
,-3.924558317151288,-1.0023339240821987,-1.021939223526553,-1.3730585098884909,FAULT
,-3.9894520538076867,-0.8655945212971504,-1.052925523895986,-1.5522386826256527,FAULT
,-3.741326362238213,-0.9778934140003723,-0.8811557055351726,-1.6827023751277006,FAULT
,-3.475631957944976,-1.2732258043527054,-0.7308497539409817,-1.5719933279307412,FAULT
,-3.8472858611274905,-1.2419175184513422,-0.820276851694778,-1.3882048177391875,FAULT
,-3.6409420419780667,-1.240364977676121,-0.9733191394866305,-1.1819932595509606,FAULT
,-3.7357082576022336,-0.9950697891690468,-1.0011263372713544,-1.4313721886944573,FAULT
,-3.869852809111237,-1.0101898096286712,-1.1005100505206817,-1.2648297183410158,FAULT
,-3.596614240754913,-0.9453276920630904,-1.384869295086574,-1.0975882206510628,FAULT
,-3.885571590966694,-0.9712710468255645,-0.9571879372912413,-1.5283590609394004,FAULT
,-3.7080934751329524,-0.8318495733100023,-1.1965607367693312,-1.4354831046868035,FAULT
,-3.412401126631565,-0.7276036238467894,-1.4529359977662706,-1.3859335055421786,FAULT
,-3.9096713590557166,-0.7654533559021638,-1.353521287759959,-1.3606231508210107,FAULT
,-3.702301442126429,-1.056341416954919,-1.0920657420100672,-1.2307105443132953,FAULT
,-3.7166228492924587,-0.8904329174639776,-1.0884168900956759,-1.4764078919289776,FAULT
,-3.5761257265382995,-0.9842206109931787,-1.089812007991735,-1.3393878987104033,FAULT
,-3.4974245141849156,-1.1739080071891528,-1.103257152768444,-1.1123673090279655,FAULT
,-3.682338728419786,-0.8065894013580412,-1.144100196178352,-1.560896963314542,FAULT
,-3.7761820568845237,-1.1504305536364232,-0.7676064693697551,-1.6272612839995582,FAULT
,-3.747791264682088,-1.0516654229764169,-0.7952519870112248,-1.7395047089244815,FAULT
,-3.696211628379691,-1.1590380775665394,-0.9495297811317397,-1.292906611657483,FAULT
,-3.583629632676859,-0.9556738898938545,-1.1658961637010188,-1.2872488662328978,FAULT
,-3.8766929243282,-0.7737673051294625,-1.025941885805479,-1.8353976106221424,FAULT
,-4.128274332335531,-0.9191821348550306,-0.9462216137270294,-1.6253681791706303,FAULT
,-3.7994541221181186,-0.9216099655065192,-0.9996489325138449,-1.55244130686577,FAULT
,-3.645223381095765,-0.7429178520851263,-1.2205031701971352,-1.5941603386345833,FAULT
,-3.7631906561279305,-0.709245358674264,-1.1932834237224035,-1.7062183189185334,FAULT
,-3.4367917885244217,-0.8601163325438216,-1.021972480104415,-1.688291491179001,FAULT
,-4.150202181401845,-1.0428394820688565,-0.8757439022404125,-1.5360282496427395,FAULT
,-3.8950763790935246,-1.1668388491531647,-0.8478289830267427,-1.4272634333958616,FAULT
,-3.5239665644969604,-1.0067796314932302,-0.9090287919769796,-1.5984554306686414,FAULT
,-3.9586383675936614,-0.9509016988966549,-1.2134774807493403,-1.2128240300086175,FAULT
,-3.5793105093246527,-1.0404647654080663,-1.2700659378163972,-1.0847048761000095,FAULT
,-3.9110203505650074,-1.1461026313707923,-0.7832442630404202,-1.5838409385509282,FAULT
,-3.7529788747768764,-0.8230902188151935,-1.1168922503811358,-1.5597714016851871,FAULT
,-3.530460928471168,-0.75737412707372,-1.331873363709474,-1.4361980860928956,FAULT
,-3.7564135854382457,-0.8273692039720139,-1.5244314858818417,-1.1341674320102928,FAULT
,-3.542098581026383,-0.805091445583358,-1.6027539282964332,-1.1311586914239566,FAULT
,-3.9339970679254717,-0.9628624333673236,-0.9842146150363441,-1.4920833934153723,FAULT
,-4.408699244983706,-0.8637232283483133,-1.1106780548049615,-1.4401005362544788,FAULT
,-3.924393338203939,-0.9537538418149045,-1.4619065467182732,-1.0129118387849227,FAULT
,-3.54592935191298,-0.782828437948252,-1.365228480157073,-1.351991139624494,FAULT
,-3.907368256560955,-0.9168986976924342,-0.9392419949158927,-1.6648145061165809,FAULT
,-4.022367970541487,-1.2045775741093083,-0.7181370869730032,-1.6367526117523985,FAULT
,-4.064750206728721,-1.0991098751028843,-0.9248043800578796,-1.3741436235019158,FAULT
,-3.5003779875559844,-1.1441283330942948,-1.1731618720882948,-1.0731625359036734,FAULT
,-3.2626465331696286,-0.8903696946399862,-0.9513245390354793,-1.801931077399259,FAULT
,-3.874558967141103,-1.0895851914807746,-0.9464850330680327,-1.3673637947115398,FAULT
,-3.8835467457131094,-1.266677794124792,-0.8103100977252365,-1.374618800749297,FAULT
,-3.90630111388863,-0.8668608756184206,-0.9454649626772943,-1.7654043207610206,FAULT
,-3.746696635527784,-0.8307288742629276,-0.9287046450384919,-1.9268390378586584,FAULT
,-3.683218090786568,-0.761141059590336,-1.0908296669400206,-1.7614981560027274,FAULT
,-4.185013975492124,-0.8338798862070372,-1.1107285013441477,-1.5091478802824374,FAULT
,-3.7640984961125734,-1.1186547479321614,-0.8840552722026706,-1.4397448688918273,FAULT
,-3.577441476229917,-0.8863420886145813,-0.9566091034376482,-1.7389840905052498,FAULT
,-3.8996507304467056,-0.850299381487468,-1.2615821735682606,-1.3120836356163916,FAULT
,-3.5152802399741914,-1.002532139566834,-1.1817252613174969,-1.2154977102685678,FAULT
,-3.9370982602381814,-0.9275264972936096,-0.945138388603668,-1.6279143767774242,FAULT
,-3.6666620503475276,-1.194717448507486,-0.8410676164712454,-1.4254552985954911,FAULT
,-3.740406402197875,-1.1072331746470658,-0.8829626413901238,-1.4600372862389934,FAULT
,-3.940337847864232,-1.0816547588285454,-1.1024676042978958,-1.1728824542692302,FAULT
,-3.601671451367137,-0.9045115380507044,-1.4961240130021707,-1.067155235831641,FAULT
,-3.6009583901319666,-0.7363099418893124,-1.249851316169374,-1.573697733798965,FAULT
,-4.066349307629743,-1.0647776493772343,-1.04248249773409,-1.2535926933996826,FAULT
,-3.614320491666901,-0.7860867476136092,-1.7373370443396323,-1.074547967915933,FAULT
,-3.430698028474814,-0.7210855631690645,-1.6303816669637565,-1.2533146445347925,FAULT
,-3.5114081768288807,-0.6499189267064038,-1.5365936711840034,-1.4569552464134807,FAULT
,-3.5041568289157317,-0.8281617637908412,-1.1255861967285141,-1.5672692247796667,FAULT
,-3.893369850266477,-1.1294073554849013,-1.0582257113681937,-1.1733543368154222,FAULT
,-3.8658409680440764,-1.140582956635617,-1.1891597740924396,-1.035792212167907,FAULT
,-3.499203003669334,-0.9391852393310436,-1.0789681072971606,-1.4317681003942113,FAULT
,-3.744643563919563,-1.1123996435348213,-1.0560887677630173,-1.2047286672123916,FAULT
,-3.627814368576548,-1.203519290300266,-0.9259885601042833,-1.2831960606303712,FAULT
,-3.693167071396716,-0.9902009432160692,-0.931944621368079,-1.5615160778434853,FAULT
,-3.5130160778112938,-0.882455870429454,-0.9254626676624036,-1.8320840032137908,FAULT
,-3.284151221486703,-0.7908696827133006,-1.0367876985777131,-1.867655386143009,FAULT
,-4.026949854060056,-0.925494465431627,-1.0065227888972983,-1.5125456836784819,FAULT
,-4.148510351725573,-0.7937934134447565,-1.1811257599172145,-1.49097672539201,FAULT
,-3.7829227816102096,-0.9825972104896136,-0.8652645454223588,-1.7039346797123496,FAULT
,-3.935875655475238,-0.8751126140774526,-1.098906663141363,-1.4678467408870706,FAULT
,-3.5073849621978246,-1.1065565698066009,-1.0176444470829291,-1.2805524921869718,FAULT
,-3.6961963486630407,-0.9411338357613653,-1.1165009541856652,-1.3564497202804044,FAULT
,-3.7592040831276314,-0.9038176418629952,-0.9730510895112485,-1.6411914909748102,FAULT
,-3.5571559294959965,-1.096523521616216,-0.807490621439408,-1.653002852169703,FAULT
,-3.761669816627412,-0.9745616355499607,-1.0415244299509412,-1.4004699874529403,FAULT
,-3.7983946787551512,-1.1039720592744524,-1.0295622105321312,-1.2417491778764662,FAULT
,-3.5593846611816673,-0.9946077479651962,-0.9956989810951231,-1.4601128537087595,FAULT
,-3.861681201894338,-1.06298874019105,-0.9923626796787626,-1.3361881494057044,FAULT
,-3.515006340334693,-1.031571781524298,-1.3070081593784522,-1.0695071888933647,FAULT
,-3.8591449038123935,-0.8910329582838279,-1.1197419986907673,-1.4175034991679665,FAULT
,-3.7932057714417624,-0.6876497017783708,-1.331014548009428,-1.5582157689161902,FAULT
,-3.3488967645547385,-0.775415955627745,-1.323586168651178,-1.43470463942453,FAULT
,-3.8973890496542243,-0.8959206367128935,-1.3310887043313275,-1.1799825656883627,FAULT
,-3.7606587925494877,-0.9697893581563447,-1.2813244489635434,-1.139748712381024,FAULT
,-3.638269125244684,-0.872270033629672,-1.1071352278080642,-1.490783446098846,FAULT
,-3.862421683162259,-0.9532795554913609,-1.1075430719615635,-1.3350746280347217,FAULT
,-3.7161078049825895,-1.172372937716355,-1.0647298115301174,-1.1356315750957902,FAULT
,-3.6852211390554444,-0.880366735180458,-1.0283777494976132,-1.5960727986163725,FAULT
,-3.886372260838491,-1.2603844181310286,-0.646707883439027,-1.759283960884703,FAULT
,-3.579733280792442,-1.0477603625507583,-0.7834144696168098,-1.8045344977901063,FAULT
,-3.6719919093336255,-1.0953266970393878,-1.0467850298635821,-1.2410542488539185,FAULT
,-3.654456074322067,-0.9202905414479401,-1.2626811706523053,-1.2281745171835379,FAULT
,-3.628945701584046,-0.8338819024104034,-1.0044014440024829,-1.7554342157989646,FAULT
,-4.197918190373119,-0.9760139907458014,-0.9387169524320046,-1.5277024363350118,FAULT
